user_id,signup_date,initial_plan
U00001,2024-04-12,Basic
U00002,2024-09-27,Basic
U00003,2024-07-07,Free
U00004,2024-05-01,Free
U00005,2024-11-26,Free
U00006,2024-04-09,Free
U00007,2024-05-10,Free
U00008,2024-09-14,Basic
U00009,2024-10-20,Free
U00010,2024-10-03,Free
U00011,2024-11-09,Free
U00012,2024-08-23,Free
U00013,2024-02-28,Free
U00014,2024-07-06,Free
U00015,2024-07-08,Free
U00016,2024-02-20,Free
U00017,2024-08-31,Free
U00018,2024-05-10,Basic
U00019,2024-05-14,Free
U00020,2024-06-15,Free
U00021,2024-03-29,Pro
U00022,2024-08-29,Free
U00023,2024-12-11,Free
U00024,2024-12-05,Free
U00025,2024-09-20,Free
U00026,2024-07-24,Free
U00027,2024-02-19,Free
U00028,2024-01-02,Free
U00029,2024-02-23,Free
U00030,2024-11-05,Free
U00031,2024-08-05,Free
U00032,2024-07-20,Pro
U00033,2024-09-26,Basic
U00034,2024-09-27,Free
U00035,2024-08-02,Free
U00036,2024-07-08,Free
U00037,2024-07-26,Basic
U00038,2024-02-22,Free
U00039,2024-08-04,Free
U00040,2024-02-10,Free
U00041,2024-10-27,Free
U00042,2024-11-22,Free
U00043,2024-05-08,Free
U00044,2024-03-03,Basic
U00045,2024-03-21,Basic
U00046,2024-10-15,Free
U00047,2024-08-18,Free
U00048,2024-01-28,Basic
U00049,2024-11-23,Free
U00050,2024-02-02,Free
U00051,2024-03-02,Free
U00052,2024-04-08,Free
U00053,2024-08-01,Pro
U00054,2024-08-14,Free
U00055,2024-05-10,Basic
U00056,2024-08-05,Free
U00057,2024-12-24,Free
U00058,2024-07-25,Free
U00059,2024-02-11,Free
U00060,2024-06-27,Free
U00061,2024-08-18,Free
U00062,2024-04-05,Free
U00063,2024-08-18,Free
U00064,2024-06-19,Free
U00065,2024-01-13,Free
U00066,2024-07-05,Free
U00067,2024-10-10,Pro
U00068,2024-02-14,Free
U00069,2024-05-13,Free
U00070,2024-04-17,Free
U00071,2024-10-12,Pro
U00072,2024-05-07,Basic
U00073,2024-12-13,Free
U00074,2024-07-08,Free
U00075,2024-10-09,Free
U00076,2024-04-25,Free
U00077,2024-09-15,Free
U00078,2024-05-16,Free
U00079,2024-08-12,Free
U00080,2024-06-20,Free
U00081,2024-11-10,Free
U00082,2024-04-05,Free
U00083,2024-06-28,Free
U00084,2024-02-21,Free
U00085,2024-10-21,Free
U00086,2024-04-22,Free
U00087,2024-03-21,Free
U00088,2024-01-02,Free
U00089,2024-02-23,Free
U00090,2024-08-11,Pro
U00091,2024-05-05,Free
U00092,2024-06-20,Free
U00093,2024-07-16,Free
U00094,2024-11-19,Free
U00095,2024-07-02,Free
U00096,2024-09-11,Basic
U00097,2024-11-20,Free
U00098,2024-07-16,Free
U00099,2024-08-27,Basic
U00100,2024-07-19,Free
U00101,2024-11-21,Free
U00102,2024-09-15,Free
U00103,2024-12-11,Free
U00104,2024-05-26,Free
U00105,2024-07-17,Free
U00106,2024-05-07,Free
U00107,2024-12-25,Free
U00108,2024-05-30,Free
U00109,2024-10-24,Free
U00110,2024-09-08,Free
U00111,2024-04-21,Free
U00112,2024-02-29,Free
U00113,2024-10-30,Pro
U00114,2024-02-06,Pro
U00115,2024-01-09,Free
U00116,2024-05-26,Basic
U00117,2024-05-10,Basic
U00118,2024-02-23,Basic
U00119,2024-04-25,Free
U00120,2024-04-13,Free
U00121,2024-08-14,Free
U00122,2024-04-08,Pro
U00123,2024-12-03,Free
U00124,2024-06-11,Free
U00125,2024-06-17,Free
U00126,2024-03-08,Free
U00127,2024-10-03,Free
U00128,2024-05-14,Basic
U00129,2024-05-07,Free
U00130,2024-01-22,Free
U00131,2024-02-07,Pro
U00132,2024-02-20,Pro
U00133,2024-10-09,Free
U00134,2024-10-03,Free
U00135,2024-10-10,Free
U00136,2024-11-12,Free
U00137,2024-01-04,Free
U00138,2024-02-18,Free
U00139,2024-06-20,Pro
U00140,2024-02-15,Pro
U00141,2024-04-08,Basic
U00142,2024-02-06,Pro
U00143,2024-10-28,Pro
U00144,2024-04-08,Enterprise
U00145,2024-04-25,Free
U00146,2024-06-09,Free
U00147,2024-05-07,Free
U00148,2024-08-10,Basic
U00149,2024-11-18,Free
U00150,2024-10-06,Free
U00151,2024-12-07,Free
U00152,2024-05-06,Free
U00153,2024-09-29,Basic
U00154,2024-10-25,Basic
U00155,2024-02-08,Free
U00156,2024-09-03,Free
U00157,2024-11-01,Basic
U00158,2024-01-13,Free
U00159,2024-11-08,Free
U00160,2024-01-20,Free
U00161,2024-05-21,Pro
U00162,2024-05-22,Free
U00163,2024-11-17,Free
U00164,2024-12-07,Free
U00165,2024-07-04,Free
U00166,2024-05-04,Basic
U00167,2024-02-27,Free
U00168,2024-06-28,Free
U00169,2024-09-27,Free
U00170,2024-04-10,Free
U00171,2024-02-22,Free
U00172,2024-04-17,Free
U00173,2024-07-14,Basic
U00174,2024-12-15,Free
U00175,2024-11-06,Free
U00176,2024-05-23,Pro
U00177,2024-05-03,Basic
U00178,2024-05-26,Basic
U00179,2024-11-14,Free
U00180,2024-02-27,Free
U00181,2024-08-16,Free
U00182,2024-11-13,Basic
U00183,2024-05-08,Free
U00184,2024-01-01,Free
U00185,2024-04-05,Free
U00186,2024-02-17,Free
U00187,2024-08-24,Free
U00188,2024-09-28,Free
U00189,2024-07-10,Free
U00190,2024-10-04,Basic
U00191,2024-03-16,Free
U00192,2024-03-26,Free
U00193,2024-08-07,Free
U00194,2024-04-03,Basic
U00195,2024-07-22,Free
U00196,2024-12-06,Free
U00197,2024-10-15,Free
U00198,2024-12-22,Free
U00199,2024-01-10,Pro
U00200,2024-04-09,Free
U00201,2024-08-10,Free
U00202,2024-05-26,Free
U00203,2024-09-13,Free
U00204,2024-01-04,Free
U00205,2024-12-01,Free
U00206,2024-06-08,Pro
U00207,2024-05-31,Free
U00208,2024-06-11,Free
U00209,2024-06-27,Basic
U00210,2024-09-24,Free
U00211,2024-06-16,Pro
U00212,2024-02-13,Free
U00213,2024-01-12,Free
U00214,2024-09-09,Free
U00215,2024-02-04,Free
U00216,2024-03-30,Free
U00217,2024-03-30,Free
U00218,2024-04-24,Free
U00219,2024-07-14,Free
U00220,2024-04-23,Free
U00221,2024-08-04,Basic
U00222,2024-09-05,Free
U00223,2024-12-22,Basic
U00224,2024-07-10,Free
U00225,2024-04-08,Free
U00226,2024-04-05,Free
U00227,2024-07-08,Free
U00228,2024-09-24,Free
U00229,2024-01-13,Basic
U00230,2024-12-20,Free
U00231,2024-09-29,Free
U00232,2024-03-24,Basic
U00233,2024-12-07,Free
U00234,2024-01-19,Free
U00235,2024-08-20,Basic
U00236,2024-09-21,Free
U00237,2024-07-24,Free
U00238,2024-02-21,Free
U00239,2024-05-23,Free
U00240,2024-04-08,Free
U00241,2024-02-22,Basic
U00242,2024-02-26,Free
U00243,2024-06-29,Free
U00244,2024-08-10,Free
U00245,2024-06-11,Pro
U00246,2024-08-22,Basic
U00247,2024-08-26,Free
U00248,2024-03-14,Basic
U00249,2024-09-09,Basic
U00250,2024-06-22,Basic
U00251,2024-06-18,Free
U00252,2024-10-09,Basic
U00253,2024-01-05,Free
U00254,2024-12-04,Free
U00255,2024-12-30,Free
U00256,2024-05-24,Pro
U00257,2024-08-04,Free
U00258,2024-10-18,Free
U00259,2024-10-01,Basic
U00260,2024-06-30,Basic
U00261,2024-07-20,Pro
U00262,2024-02-08,Free
U00263,2024-06-21,Free
U00264,2024-08-07,Free
U00265,2024-05-27,Free
U00266,2024-11-12,Basic
U00267,2024-01-01,Free
U00268,2024-12-13,Pro
U00269,2024-07-09,Free
U00270,2024-11-07,Free
U00271,2024-04-26,Pro
U00272,2024-02-13,Pro
U00273,2024-06-21,Free
U00274,2024-05-28,Free
U00275,2024-07-31,Enterprise
U00276,2024-08-16,Free
U00277,2024-05-26,Pro
U00278,2024-02-16,Free
U00279,2024-01-14,Free
U00280,2024-01-01,Free
U00281,2024-09-15,Pro
U00282,2024-01-12,Pro
U00283,2024-09-28,Pro
U00284,2024-06-04,Free
U00285,2024-05-01,Free
U00286,2024-03-30,Free
U00287,2024-11-11,Free
U00288,2024-08-07,Free
U00289,2024-08-15,Enterprise
U00290,2024-05-24,Free
U00291,2024-07-30,Free
U00292,2024-08-27,Free
U00293,2024-02-15,Free
U00294,2024-03-22,Free
U00295,2024-07-15,Free
U00296,2024-01-10,Pro
U00297,2024-08-29,Free
U00298,2024-01-05,Free
U00299,2024-10-15,Basic
U00300,2024-05-25,Enterprise
U00301,2024-06-25,Free
U00302,2024-10-08,Free
U00303,2024-12-07,Basic
U00304,2024-06-25,Basic
U00305,2024-04-07,Free
U00306,2024-11-06,Basic
U00307,2024-07-15,Enterprise
U00308,2024-12-23,Pro
U00309,2024-01-23,Basic
U00310,2024-06-13,Basic
U00311,2024-03-23,Free
U00312,2024-03-18,Free
U00313,2024-01-01,Pro
U00314,2024-07-23,Free
U00315,2024-10-14,Free
U00316,2024-04-04,Free
U00317,2024-06-02,Free
U00318,2024-04-27,Basic
U00319,2024-11-01,Basic
U00320,2024-02-23,Pro
U00321,2024-08-09,Basic
U00322,2024-04-21,Free
U00323,2024-07-25,Basic
U00324,2024-03-06,Basic
U00325,2024-04-12,Free
U00326,2024-09-08,Enterprise
U00327,2024-11-01,Free
U00328,2024-10-12,Free
U00329,2024-11-03,Free
U00330,2024-11-30,Free
U00331,2024-09-03,Free
U00332,2024-03-21,Pro
U00333,2024-05-17,Pro
U00334,2024-11-25,Basic
U00335,2024-12-05,Free
U00336,2024-02-03,Free
U00337,2024-07-23,Free
U00338,2024-02-12,Free
U00339,2024-04-20,Free
U00340,2024-07-01,Free
U00341,2024-01-08,Free
U00342,2024-07-02,Free
U00343,2024-12-17,Free
U00344,2024-04-02,Pro
U00345,2024-03-01,Free
U00346,2024-10-03,Free
U00347,2024-04-01,Free
U00348,2024-01-22,Free
U00349,2024-01-01,Free
U00350,2024-01-12,Free
U00351,2024-02-03,Free
U00352,2024-08-05,Free
U00353,2024-03-13,Free
U00354,2024-02-16,Free
U00355,2024-08-26,Free
U00356,2024-04-16,Pro
U00357,2024-03-01,Free
U00358,2024-10-18,Basic
U00359,2024-04-22,Free
U00360,2024-06-28,Free
U00361,2024-05-06,Pro
U00362,2024-01-14,Free
U00363,2024-03-18,Free
U00364,2024-12-30,Free
U00365,2024-07-05,Free
U00366,2024-01-07,Free
U00367,2024-08-25,Basic
U00368,2024-09-30,Free
U00369,2024-08-14,Free
U00370,2024-07-10,Free
U00371,2024-01-28,Free
U00372,2024-09-29,Free
U00373,2024-05-05,Free
U00374,2024-05-24,Free
U00375,2024-01-25,Free
U00376,2024-03-07,Free
U00377,2024-05-25,Free
U00378,2024-04-20,Basic
U00379,2024-04-20,Basic
U00380,2024-08-23,Free
U00381,2024-04-10,Free
U00382,2024-10-08,Free
U00383,2024-11-10,Enterprise
U00384,2024-08-16,Pro
U00385,2024-05-29,Free
U00386,2024-03-10,Free
U00387,2024-01-04,Basic
U00388,2024-11-13,Basic
U00389,2024-05-31,Pro
U00390,2024-09-03,Free
U00391,2024-01-31,Free
U00392,2024-02-05,Enterprise
U00393,2024-01-06,Free
U00394,2024-08-07,Pro
U00395,2024-11-30,Basic
U00396,2024-04-03,Free
U00397,2024-03-02,Pro
U00398,2024-11-30,Free
U00399,2024-01-26,Free
U00400,2024-10-26,Free
U00401,2024-04-27,Basic
U00402,2024-07-30,Free
U00403,2024-04-22,Free
U00404,2024-01-01,Free
U00405,2024-11-15,Free
U00406,2024-05-18,Pro
U00407,2024-11-28,Free
U00408,2024-06-09,Free
U00409,2024-01-10,Free
U00410,2024-05-17,Enterprise
U00411,2024-01-13,Free
U00412,2024-03-24,Free
U00413,2024-04-10,Free
U00414,2024-09-21,Free
U00415,2024-02-07,Free
U00416,2024-04-03,Free
U00417,2024-03-09,Basic
U00418,2024-08-23,Free
U00419,2024-05-16,Free
U00420,2024-02-04,Pro
U00421,2024-11-15,Free
U00422,2024-11-15,Basic
U00423,2024-09-23,Basic
U00424,2024-09-26,Basic
U00425,2024-10-17,Free
U00426,2024-01-05,Free
U00427,2024-03-18,Free
U00428,2024-05-11,Free
U00429,2024-02-11,Free
U00430,2024-10-22,Free
U00431,2024-04-13,Free
U00432,2024-06-27,Free
U00433,2024-12-18,Basic
U00434,2024-05-22,Free
U00435,2024-05-24,Pro
U00436,2024-11-04,Pro
U00437,2024-02-08,Free
U00438,2024-05-13,Free
U00439,2024-06-27,Free
U00440,2024-01-15,Basic
U00441,2024-10-15,Free
U00442,2024-08-18,Free
U00443,2024-06-05,Free
U00444,2024-04-06,Basic
U00445,2024-10-15,Free
U00446,2024-03-26,Basic
U00447,2024-01-05,Basic
U00448,2024-12-18,Free
U00449,2024-06-07,Free
U00450,2024-12-30,Free
U00451,2024-07-02,Free
U00452,2024-05-15,Free
U00453,2024-02-16,Free
U00454,2024-06-21,Basic
U00455,2024-04-04,Free
U00456,2024-10-18,Basic
U00457,2024-10-09,Free
U00458,2024-01-11,Pro
U00459,2024-12-25,Free
U00460,2024-07-18,Free
U00461,2024-12-11,Pro
U00462,2024-08-05,Free
U00463,2024-07-28,Free
U00464,2024-04-20,Basic
U00465,2024-06-19,Pro
U00466,2024-12-21,Pro
U00467,2024-05-12,Pro
U00468,2024-11-23,Free
U00469,2024-04-01,Free
U00470,2024-02-20,Basic
U00471,2024-10-22,Basic
U00472,2024-09-23,Free
U00473,2024-10-28,Free
U00474,2024-12-11,Basic
U00475,2024-06-30,Basic
U00476,2024-01-01,Basic
U00477,2024-02-24,Free
U00478,2024-05-28,Free
U00479,2024-11-04,Free
U00480,2024-11-08,Free
U00481,2024-10-17,Free
U00482,2024-01-25,Basic
U00483,2024-10-20,Free
U00484,2024-07-28,Free
U00485,2024-12-12,Free
U00486,2024-12-29,Pro
U00487,2024-06-30,Free
U00488,2024-06-28,Free
U00489,2024-12-09,Free
U00490,2024-10-11,Free
U00491,2024-05-29,Free
U00492,2024-02-18,Free
U00493,2024-03-24,Free
U00494,2024-05-27,Free
U00495,2024-03-03,Enterprise
U00496,2024-02-18,Free
U00497,2024-08-11,Free
U00498,2024-08-02,Free
U00499,2024-07-29,Free
U00500,2024-06-06,Free
U00501,2024-10-12,Basic
U00502,2024-01-19,Free
U00503,2024-03-18,Basic
U00504,2024-07-12,Free
U00505,2024-04-22,Free
U00506,2024-06-14,Basic
U00507,2024-05-11,Free
U00508,2024-02-24,Pro
U00509,2024-10-14,Free
U00510,2024-06-10,Free
U00511,2024-03-27,Pro
U00512,2024-10-14,Basic
U00513,2024-12-14,Free
U00514,2024-11-08,Free
U00515,2024-09-11,Free
U00516,2024-02-23,Free
U00517,2024-08-16,Free
U00518,2024-04-06,Free
U00519,2024-09-20,Free
U00520,2024-04-05,Enterprise
U00521,2024-10-14,Basic
U00522,2024-06-13,Free
U00523,2024-08-10,Free
U00524,2024-01-07,Free
U00525,2024-06-09,Free
U00526,2024-05-26,Free
U00527,2024-02-05,Free
U00528,2024-03-22,Pro
U00529,2024-10-29,Free
U00530,2024-01-11,Free
U00531,2024-07-13,Free
U00532,2024-01-20,Free
U00533,2024-09-12,Free
U00534,2024-08-13,Basic
U00535,2024-12-20,Pro
U00536,2024-12-07,Basic
U00537,2024-03-21,Basic
U00538,2024-04-29,Enterprise
U00539,2024-08-02,Basic
U00540,2024-07-27,Free
U00541,2024-07-27,Free
U00542,2024-02-09,Free
U00543,2024-10-07,Free
U00544,2024-09-02,Free
U00545,2024-01-04,Free
U00546,2024-01-29,Free
U00547,2024-08-02,Free
U00548,2024-11-21,Pro
U00549,2024-12-06,Basic
U00550,2024-02-10,Free
U00551,2024-01-17,Free
U00552,2024-03-16,Free
U00553,2024-12-27,Free
U00554,2024-01-27,Pro
U00555,2024-05-13,Basic
U00556,2024-04-07,Free
U00557,2024-11-04,Free
U00558,2024-06-21,Basic
U00559,2024-07-08,Free
U00560,2024-03-04,Free
U00561,2024-11-05,Basic
U00562,2024-11-02,Free
U00563,2024-10-08,Free
U00564,2024-09-23,Free
U00565,2024-06-12,Basic
U00566,2024-10-21,Free
U00567,2024-11-05,Free
U00568,2024-04-20,Pro
U00569,2024-03-09,Free
U00570,2024-09-06,Free
U00571,2024-05-27,Free
U00572,2024-08-31,Free
U00573,2024-12-30,Free
U00574,2024-07-19,Basic
U00575,2024-03-13,Free
U00576,2024-01-17,Free
U00577,2024-03-01,Free
U00578,2024-02-11,Free
U00579,2024-10-17,Basic
U00580,2024-08-16,Free
U00581,2024-04-11,Free
U00582,2024-10-01,Free
U00583,2024-10-31,Free
U00584,2024-11-25,Free
U00585,2024-10-29,Free
U00586,2024-03-20,Basic
U00587,2024-09-20,Free
U00588,2024-03-21,Free
U00589,2024-07-16,Enterprise
U00590,2024-03-29,Free
U00591,2024-02-28,Enterprise
U00592,2024-12-30,Free
U00593,2024-10-14,Basic
U00594,2024-07-17,Enterprise
U00595,2024-10-08,Free
U00596,2024-09-06,Free
U00597,2024-11-30,Free
U00598,2024-05-16,Free
U00599,2024-11-23,Pro
U00600,2024-08-02,Basic
U00601,2024-08-10,Basic
U00602,2024-04-12,Free
U00603,2024-06-07,Free
U00604,2024-04-17,Free
U00605,2024-04-07,Pro
U00606,2024-06-19,Free
U00607,2024-07-01,Free
U00608,2024-02-08,Free
U00609,2024-01-04,Basic
U00610,2024-07-28,Free
U00611,2024-04-17,Free
U00612,2024-11-06,Free
U00613,2024-02-03,Free
U00614,2024-09-03,Free
U00615,2024-09-30,Pro
U00616,2024-08-14,Free
U00617,2024-10-28,Free
U00618,2024-11-13,Free
U00619,2024-07-03,Free
U00620,2024-08-23,Enterprise
U00621,2024-09-22,Free
U00622,2024-12-24,Free
U00623,2024-03-05,Free
U00624,2024-01-03,Free
U00625,2024-06-06,Basic
U00626,2024-05-25,Free
U00627,2024-06-01,Free
U00628,2024-03-13,Free
U00629,2024-12-09,Free
U00630,2024-07-05,Pro
U00631,2024-03-01,Free
U00632,2024-07-16,Enterprise
U00633,2024-11-14,Pro
U00634,2024-01-11,Pro
U00635,2024-08-13,Free
U00636,2024-02-21,Free
U00637,2024-03-12,Pro
U00638,2024-03-03,Free
U00639,2024-08-30,Free
U00640,2024-11-25,Free
U00641,2024-11-08,Free
U00642,2024-08-28,Pro
U00643,2024-09-18,Basic
U00644,2024-02-23,Pro
U00645,2024-06-25,Free
U00646,2024-01-20,Enterprise
U00647,2024-03-01,Free
U00648,2024-06-26,Free
U00649,2024-05-24,Free
U00650,2024-06-08,Free
U00651,2024-09-25,Free
U00652,2024-03-29,Free
U00653,2024-12-22,Free
U00654,2024-04-14,Free
U00655,2024-05-02,Free
U00656,2024-05-16,Free
U00657,2024-08-13,Basic
U00658,2024-01-09,Free
U00659,2024-01-25,Free
U00660,2024-08-13,Free
U00661,2024-02-07,Free
U00662,2024-06-24,Free
U00663,2024-02-06,Free
U00664,2024-10-10,Free
U00665,2024-03-21,Free
U00666,2024-10-27,Free
U00667,2024-12-14,Pro
U00668,2024-11-18,Free
U00669,2024-12-19,Free
U00670,2024-08-24,Basic
U00671,2024-08-03,Basic
U00672,2024-06-16,Free
U00673,2024-02-28,Basic
U00674,2024-06-17,Free
U00675,2024-02-14,Free
U00676,2024-06-18,Free
U00677,2024-06-03,Basic
U00678,2024-01-07,Pro
U00679,2024-02-14,Basic
U00680,2024-01-31,Basic
U00681,2024-06-08,Free
U00682,2024-06-06,Pro
U00683,2024-03-22,Basic
U00684,2024-07-24,Basic
U00685,2024-01-12,Free
U00686,2024-08-11,Free
U00687,2024-06-03,Enterprise
U00688,2024-01-17,Free
U00689,2024-12-19,Free
U00690,2024-12-09,Basic
U00691,2024-11-21,Free
U00692,2024-03-14,Free
U00693,2024-11-14,Free
U00694,2024-11-30,Pro
U00695,2024-10-04,Pro
U00696,2024-12-17,Basic
U00697,2024-11-19,Free
U00698,2024-01-17,Basic
U00699,2024-07-11,Free
U00700,2024-04-29,Free
U00701,2024-11-01,Enterprise
U00702,2024-06-23,Pro
U00703,2024-06-12,Free
U00704,2024-01-07,Free
U00705,2024-02-02,Free
U00706,2024-03-19,Basic
U00707,2024-02-27,Free
U00708,2024-08-13,Enterprise
U00709,2024-04-08,Free
U00710,2024-02-08,Free
U00711,2024-10-11,Free
U00712,2024-10-14,Free
U00713,2024-03-24,Free
U00714,2024-01-27,Basic
U00715,2024-08-23,Free
U00716,2024-01-21,Pro
U00717,2024-12-22,Free
U00718,2024-09-18,Basic
U00719,2024-09-13,Free
U00720,2024-01-15,Basic
U00721,2024-06-11,Free
U00722,2024-10-07,Basic
U00723,2024-09-30,Basic
U00724,2024-07-26,Free
U00725,2024-02-29,Free
U00726,2024-05-24,Free
U00727,2024-01-08,Basic
U00728,2024-06-22,Free
U00729,2024-07-17,Free
U00730,2024-06-29,Pro
U00731,2024-02-15,Free
U00732,2024-08-09,Free
U00733,2024-09-29,Free
U00734,2024-12-05,Free
U00735,2024-06-14,Free
U00736,2024-11-14,Free
U00737,2024-04-26,Free
U00738,2024-03-12,Free
U00739,2024-07-23,Free
U00740,2024-10-03,Free
U00741,2024-11-15,Free
U00742,2024-04-04,Basic
U00743,2024-01-11,Free
U00744,2024-10-15,Pro
U00745,2024-09-23,Free
U00746,2024-03-28,Free
U00747,2024-03-16,Enterprise
U00748,2024-06-08,Free
U00749,2024-11-05,Free
U00750,2024-05-27,Free
U00751,2024-08-29,Free
U00752,2024-01-02,Free
U00753,2024-08-20,Free
U00754,2024-03-17,Free
U00755,2024-04-12,Free
U00756,2024-12-24,Free
U00757,2024-05-01,Basic
U00758,2024-04-15,Free
U00759,2024-10-31,Pro
U00760,2024-11-12,Basic
U00761,2024-01-09,Pro
U00762,2024-12-24,Free
U00763,2024-02-10,Basic
U00764,2024-09-20,Pro
U00765,2024-12-13,Basic
U00766,2024-11-13,Free
U00767,2024-01-07,Free
U00768,2024-07-26,Free
U00769,2024-11-09,Basic
U00770,2024-01-03,Free
U00771,2024-07-06,Basic
U00772,2024-01-12,Free
U00773,2024-01-25,Basic
U00774,2024-05-01,Free
U00775,2024-08-25,Free
U00776,2024-08-08,Basic
U00777,2024-07-01,Free
U00778,2024-10-26,Free
U00779,2024-07-29,Free
U00780,2024-12-17,Free
U00781,2024-02-28,Free
U00782,2024-07-20,Free
U00783,2024-04-02,Free
U00784,2024-07-25,Free
U00785,2024-11-27,Free
U00786,2024-07-31,Basic
U00787,2024-01-24,Free
U00788,2024-01-04,Basic
U00789,2024-01-20,Free
U00790,2024-02-19,Basic
U00791,2024-04-05,Free
U00792,2024-09-06,Basic
U00793,2024-08-15,Basic
U00794,2024-09-18,Free
U00795,2024-08-30,Free
U00796,2024-09-02,Free
U00797,2024-05-10,Free
U00798,2024-02-09,Basic
U00799,2024-08-12,Free
U00800,2024-01-08,Free
U00801,2024-03-27,Free
U00802,2024-01-14,Pro
U00803,2024-10-19,Basic
U00804,2024-02-10,Free
U00805,2024-11-11,Free
U00806,2024-01-14,Free
U00807,2024-03-24,Free
U00808,2024-11-21,Free
U00809,2024-12-10,Pro
U00810,2024-03-06,Basic
U00811,2024-09-17,Free
U00812,2024-06-12,Pro
U00813,2024-10-29,Free
U00814,2024-01-10,Free
U00815,2024-09-26,Free
U00816,2024-04-02,Free
U00817,2024-12-15,Free
U00818,2024-05-12,Free
U00819,2024-06-19,Pro
U00820,2024-11-08,Free
U00821,2024-10-10,Free
U00822,2024-06-23,Free
U00823,2024-06-13,Basic
U00824,2024-04-29,Basic
U00825,2024-06-04,Basic
U00826,2024-04-17,Free
U00827,2024-11-29,Free
U00828,2024-10-19,Pro
U00829,2024-10-11,Free
U00830,2024-02-04,Free
U00831,2024-09-01,Free
U00832,2024-06-09,Free
U00833,2024-07-24,Free
U00834,2024-10-02,Enterprise
U00835,2024-08-03,Free
U00836,2024-05-05,Pro
U00837,2024-11-01,Pro
U00838,2024-02-08,Free
U00839,2024-06-26,Free
U00840,2024-10-20,Free
U00841,2024-05-05,Free
U00842,2024-12-01,Pro
U00843,2024-01-08,Pro
U00844,2024-05-08,Basic
U00845,2024-06-05,Free
U00846,2024-01-05,Pro
U00847,2024-06-23,Free
U00848,2024-11-06,Pro
U00849,2024-04-23,Free
U00850,2024-01-26,Basic
U00851,2024-08-19,Basic
U00852,2024-11-23,Basic
U00853,2024-10-15,Free
U00854,2024-10-13,Free
U00855,2024-02-22,Free
U00856,2024-12-26,Free
U00857,2024-08-07,Free
U00858,2024-07-10,Free
U00859,2024-03-13,Basic
U00860,2024-03-29,Basic
U00861,2024-03-13,Free
U00862,2024-06-07,Basic
U00863,2024-11-19,Free
U00864,2024-04-11,Free
U00865,2024-04-11,Free
U00866,2024-03-22,Basic
U00867,2024-10-05,Free
U00868,2024-11-26,Free
U00869,2024-11-05,Free
U00870,2024-07-31,Free
U00871,2024-03-16,Free
U00872,2024-05-22,Free
U00873,2024-11-11,Free
U00874,2024-10-31,Free
U00875,2024-10-17,Free
U00876,2024-09-23,Free
U00877,2024-04-19,Free
U00878,2024-09-21,Free
U00879,2024-10-08,Pro
U00880,2024-04-26,Basic
U00881,2024-06-01,Free
U00882,2024-10-30,Free
U00883,2024-10-26,Free
U00884,2024-02-12,Basic
U00885,2024-11-21,Basic
U00886,2024-12-29,Pro
U00887,2024-01-21,Free
U00888,2024-12-01,Free
U00889,2024-05-03,Pro
U00890,2024-10-18,Pro
U00891,2024-09-27,Free
U00892,2024-05-20,Free
U00893,2024-10-16,Free
U00894,2024-02-21,Free
U00895,2024-06-05,Basic
U00896,2024-10-17,Free
U00897,2024-04-15,Free
U00898,2024-05-25,Free
U00899,2024-03-17,Free
U00900,2024-12-10,Free
U00901,2024-09-19,Free
U00902,2024-03-14,Basic
U00903,2024-06-07,Basic
U00904,2024-11-07,Basic
U00905,2024-10-24,Pro
U00906,2024-03-24,Free
U00907,2024-09-19,Basic
U00908,2024-06-20,Free
U00909,2024-12-27,Free
U00910,2024-05-20,Free
U00911,2024-04-27,Free
U00912,2024-08-07,Free
U00913,2024-01-09,Free
U00914,2024-04-30,Basic
U00915,2024-03-12,Basic
U00916,2024-02-18,Free
U00917,2024-10-19,Free
U00918,2024-05-31,Basic
U00919,2024-02-29,Free
U00920,2024-12-10,Free
U00921,2024-06-12,Free
U00922,2024-08-29,Free
U00923,2024-02-18,Basic
U00924,2024-08-13,Free
U00925,2024-05-28,Free
U00926,2024-10-19,Free
U00927,2024-06-08,Free
U00928,2024-03-18,Free
U00929,2024-09-10,Free
U00930,2024-11-15,Free
U00931,2024-03-25,Free
U00932,2024-02-11,Free
U00933,2024-06-15,Basic
U00934,2024-10-06,Free
U00935,2024-01-19,Free
U00936,2024-04-11,Free
U00937,2024-06-15,Basic
U00938,2024-02-05,Free
U00939,2024-12-18,Free
U00940,2024-03-13,Free
U00941,2024-03-10,Free
U00942,2024-07-14,Free
U00943,2024-11-11,Free
U00944,2024-01-05,Free
U00945,2024-06-08,Free
U00946,2024-08-17,Free
U00947,2024-03-07,Free
U00948,2024-02-27,Free
U00949,2024-11-21,Free
U00950,2024-06-20,Free
U00951,2024-07-27,Enterprise
U00952,2024-10-12,Free
U00953,2024-05-29,Free
U00954,2024-02-05,Pro
U00955,2024-10-13,Basic
U00956,2024-11-06,Free
U00957,2024-06-06,Free
U00958,2024-01-12,Free
U00959,2024-05-15,Basic
U00960,2024-05-23,Free
U00961,2024-10-05,Free
U00962,2024-04-13,Free
U00963,2024-12-25,Basic
U00964,2024-11-16,Basic
U00965,2024-05-28,Free
U00966,2024-08-18,Basic
U00967,2024-09-28,Free
U00968,2024-08-13,Free
U00969,2024-10-18,Free
U00970,2024-04-23,Free
U00971,2024-12-26,Free
U00972,2024-09-05,Free
U00973,2024-11-26,Basic
U00974,2024-07-08,Free
U00975,2024-07-14,Basic
U00976,2024-09-18,Pro
U00977,2024-05-22,Enterprise
U00978,2024-04-10,Free
U00979,2024-01-12,Pro
U00980,2024-02-11,Free
U00981,2024-10-17,Free
U00982,2024-06-06,Basic
U00983,2024-03-07,Basic
U00984,2024-01-14,Free
U00985,2024-06-11,Free
U00986,2024-05-09,Free
U00987,2024-07-24,Pro
U00988,2024-09-12,Pro
U00989,2024-10-07,Free
U00990,2024-10-15,Pro
U00991,2024-09-26,Free
U00992,2024-12-01,Basic
U00993,2024-01-25,Free
U00994,2024-01-25,Free
U00995,2024-06-21,Free
U00996,2024-10-14,Free
U00997,2024-04-01,Free
U00998,2024-11-29,Basic
U00999,2024-11-11,Basic
U01000,2024-06-08,Free
U01001,2024-09-10,Free
U01002,2024-05-30,Free
U01003,2024-01-05,Basic
U01004,2024-09-22,Free
U01005,2024-09-23,Basic
U01006,2024-02-25,Free
U01007,2024-03-23,Free
U01008,2024-05-28,Free
U01009,2024-07-08,Free
U01010,2024-09-19,Free
U01011,2024-09-08,Free
U01012,2024-09-16,Enterprise
U01013,2024-09-29,Free
U01014,2024-11-03,Free
U01015,2024-05-03,Basic
U01016,2024-06-26,Free
U01017,2024-04-25,Free
U01018,2024-09-12,Free
U01019,2024-01-07,Free
U01020,2024-01-14,Free
U01021,2024-03-26,Pro
U01022,2024-07-01,Free
U01023,2024-08-06,Free
U01024,2024-08-17,Free
U01025,2024-05-17,Free
U01026,2024-03-05,Free
U01027,2024-08-29,Free
U01028,2024-06-29,Basic
U01029,2024-06-21,Free
U01030,2024-07-06,Free
U01031,2024-11-03,Free
U01032,2024-04-26,Free
U01033,2024-07-14,Basic
U01034,2024-04-21,Basic
U01035,2024-08-19,Basic
U01036,2024-08-08,Free
U01037,2024-02-11,Basic
U01038,2024-04-22,Pro
U01039,2024-01-17,Free
U01040,2024-05-08,Basic
U01041,2024-02-17,Free
U01042,2024-01-10,Pro
U01043,2024-08-19,Free
U01044,2024-07-21,Free
U01045,2024-09-20,Pro
U01046,2024-07-18,Free
U01047,2024-12-08,Free
U01048,2024-03-09,Basic
U01049,2024-03-27,Free
U01050,2024-11-28,Free
U01051,2024-03-27,Basic
U01052,2024-04-18,Basic
U01053,2024-05-31,Free
U01054,2024-05-27,Basic
U01055,2024-11-09,Free
U01056,2024-08-15,Free
U01057,2024-07-29,Free
U01058,2024-01-28,Free
U01059,2024-09-17,Free
U01060,2024-12-17,Free
U01061,2024-05-17,Free
U01062,2024-08-07,Pro
U01063,2024-05-15,Basic
U01064,2024-11-24,Free
U01065,2024-02-18,Free
U01066,2024-11-19,Basic
U01067,2024-06-17,Pro
U01068,2024-04-28,Free
U01069,2024-09-22,Basic
U01070,2024-05-19,Free
U01071,2024-09-14,Free
U01072,2024-06-29,Pro
U01073,2024-10-14,Free
U01074,2024-08-13,Free
U01075,2024-09-27,Free
U01076,2024-07-01,Free
U01077,2024-11-10,Free
U01078,2024-04-23,Pro
U01079,2024-07-31,Free
U01080,2024-06-22,Free
U01081,2024-05-01,Basic
U01082,2024-04-28,Basic
U01083,2024-09-24,Pro
U01084,2024-01-18,Free
U01085,2024-05-28,Pro
U01086,2024-10-28,Basic
U01087,2024-05-14,Free
U01088,2024-08-11,Free
U01089,2024-03-26,Basic
U01090,2024-12-10,Pro
U01091,2024-10-11,Basic
U01092,2024-09-14,Free
U01093,2024-10-09,Pro
U01094,2024-03-28,Free
U01095,2024-10-04,Free
U01096,2024-07-07,Basic
U01097,2024-01-03,Free
U01098,2024-01-19,Free
U01099,2024-01-30,Basic
U01100,2024-10-07,Basic
U01101,2024-04-20,Free
U01102,2024-07-04,Free
U01103,2024-05-08,Basic
U01104,2024-01-03,Enterprise
U01105,2024-04-13,Free
U01106,2024-11-15,Basic
U01107,2024-01-10,Basic
U01108,2024-10-28,Free
U01109,2024-03-06,Free
U01110,2024-01-13,Free
U01111,2024-03-26,Basic
U01112,2024-11-09,Free
U01113,2024-07-27,Free
U01114,2024-04-30,Pro
U01115,2024-01-20,Free
U01116,2024-08-30,Basic
U01117,2024-03-10,Basic
U01118,2024-04-10,Free
U01119,2024-04-20,Free
U01120,2024-01-20,Basic
U01121,2024-08-14,Free
U01122,2024-08-17,Free
U01123,2024-12-24,Free
U01124,2024-02-07,Free
U01125,2024-07-06,Basic
U01126,2024-01-20,Free
U01127,2024-03-11,Free
U01128,2024-01-14,Basic
U01129,2024-08-16,Free
U01130,2024-02-24,Basic
U01131,2024-09-10,Free
U01132,2024-06-06,Basic
U01133,2024-06-07,Free
U01134,2024-10-31,Free
U01135,2024-07-29,Free
U01136,2024-04-18,Basic
U01137,2024-11-09,Basic
U01138,2024-12-21,Free
U01139,2024-06-21,Free
U01140,2024-07-01,Basic
U01141,2024-05-25,Free
U01142,2024-04-22,Free
U01143,2024-09-07,Basic
U01144,2024-11-08,Pro
U01145,2024-10-27,Free
U01146,2024-07-16,Free
U01147,2024-08-27,Free
U01148,2024-07-16,Enterprise
U01149,2024-05-03,Free
U01150,2024-05-16,Pro
U01151,2024-11-20,Free
U01152,2024-03-01,Pro
U01153,2024-09-15,Free
U01154,2024-04-22,Free
U01155,2024-04-27,Free
U01156,2024-12-02,Pro
U01157,2024-02-20,Pro
U01158,2024-02-04,Free
U01159,2024-03-09,Basic
U01160,2024-02-18,Free
U01161,2024-07-10,Free
U01162,2024-03-10,Free
U01163,2024-05-05,Basic
U01164,2024-05-08,Basic
U01165,2024-04-09,Basic
U01166,2024-06-30,Free
U01167,2024-12-29,Free
U01168,2024-01-31,Pro
U01169,2024-02-05,Free
U01170,2024-12-29,Free
U01171,2024-12-07,Free
U01172,2024-06-11,Free
U01173,2024-09-26,Free
U01174,2024-12-01,Free
U01175,2024-04-15,Basic
U01176,2024-03-10,Free
U01177,2024-10-27,Basic
U01178,2024-04-16,Free
U01179,2024-09-06,Free
U01180,2024-01-21,Free
U01181,2024-01-07,Free
U01182,2024-06-08,Free
U01183,2024-05-27,Free
U01184,2024-07-17,Free
U01185,2024-06-02,Free
U01186,2024-05-21,Basic
U01187,2024-11-09,Pro
U01188,2024-03-09,Free
U01189,2024-08-05,Free
U01190,2024-10-31,Free
U01191,2024-12-10,Pro
U01192,2024-06-09,Free
U01193,2024-07-14,Free
U01194,2024-11-22,Free
U01195,2024-10-15,Free
U01196,2024-03-01,Free
U01197,2024-01-28,Basic
U01198,2024-06-17,Basic
U01199,2024-06-25,Free
U01200,2024-07-16,Basic
U01201,2024-11-25,Free
U01202,2024-01-02,Free
U01203,2024-02-26,Free
U01204,2024-04-07,Basic
U01205,2024-05-04,Basic
U01206,2024-03-16,Free
U01207,2024-10-20,Basic
U01208,2024-05-17,Pro
U01209,2024-08-30,Basic
U01210,2024-02-01,Free
U01211,2024-01-20,Free
U01212,2024-03-08,Basic
U01213,2024-08-01,Free
U01214,2024-08-19,Basic
U01215,2024-08-01,Free
U01216,2024-09-26,Free
U01217,2024-06-16,Enterprise
U01218,2024-01-26,Free
U01219,2024-03-06,Free
U01220,2024-09-10,Free
U01221,2024-02-13,Free
U01222,2024-08-14,Free
U01223,2024-10-05,Basic
U01224,2024-06-26,Free
U01225,2024-07-15,Pro
U01226,2024-09-24,Free
U01227,2024-10-23,Free
U01228,2024-03-25,Free
U01229,2024-02-16,Free
U01230,2024-08-25,Free
U01231,2024-02-11,Free
U01232,2024-09-24,Free
U01233,2024-12-01,Basic
U01234,2024-09-15,Pro
U01235,2024-12-28,Enterprise
U01236,2024-08-07,Free
U01237,2024-01-08,Pro
U01238,2024-06-24,Free
U01239,2024-09-16,Basic
U01240,2024-09-02,Basic
U01241,2024-05-16,Basic
U01242,2024-10-28,Free
U01243,2024-05-08,Free
U01244,2024-01-21,Basic
U01245,2024-06-10,Free
U01246,2024-04-11,Pro
U01247,2024-02-28,Free
U01248,2024-10-09,Free
U01249,2024-05-10,Free
U01250,2024-10-07,Basic
U01251,2024-06-02,Free
U01252,2024-05-12,Pro
U01253,2024-09-21,Basic
U01254,2024-05-13,Basic
U01255,2024-12-29,Free
U01256,2024-07-31,Free
U01257,2024-05-10,Basic
U01258,2024-10-12,Free
U01259,2024-10-03,Free
U01260,2024-08-05,Free
U01261,2024-06-11,Free
U01262,2024-02-10,Basic
U01263,2024-12-03,Basic
U01264,2024-10-05,Free
U01265,2024-05-29,Basic
U01266,2024-04-17,Free
U01267,2024-09-27,Free
U01268,2024-10-15,Free
U01269,2024-09-28,Free
U01270,2024-09-04,Free
U01271,2024-07-19,Free
U01272,2024-01-01,Basic
U01273,2024-12-08,Free
U01274,2024-03-07,Free
U01275,2024-10-29,Free
U01276,2024-07-09,Free
U01277,2024-11-08,Free
U01278,2024-10-28,Basic
U01279,2024-02-08,Basic
U01280,2024-09-08,Free
U01281,2024-07-28,Free
U01282,2024-05-13,Free
U01283,2024-03-31,Free
U01284,2024-02-15,Free
U01285,2024-04-09,Free
U01286,2024-07-08,Free
U01287,2024-01-30,Basic
U01288,2024-03-24,Free
U01289,2024-12-09,Free
U01290,2024-04-11,Free
U01291,2024-03-23,Pro
U01292,2024-10-01,Basic
U01293,2024-06-21,Pro
U01294,2024-03-03,Free
U01295,2024-05-03,Basic
U01296,2024-10-01,Basic
U01297,2024-04-29,Basic
U01298,2024-11-12,Free
U01299,2024-10-12,Free
U01300,2024-06-09,Free
U01301,2024-03-29,Basic
U01302,2024-11-04,Free
U01303,2024-11-29,Basic
U01304,2024-07-14,Free
U01305,2024-09-20,Basic
U01306,2024-05-04,Free
U01307,2024-04-29,Free
U01308,2024-07-01,Free
U01309,2024-03-02,Basic
U01310,2024-06-06,Free
U01311,2024-09-23,Enterprise
U01312,2024-02-19,Free
U01313,2024-05-28,Free
U01314,2024-10-02,Free
U01315,2024-06-20,Free
U01316,2024-07-19,Pro
U01317,2024-11-19,Basic
U01318,2024-08-03,Pro
U01319,2024-01-08,Free
U01320,2024-11-27,Pro
U01321,2024-06-22,Basic
U01322,2024-12-26,Free
U01323,2024-11-03,Free
U01324,2024-08-19,Pro
U01325,2024-02-07,Free
U01326,2024-06-05,Free
U01327,2024-11-06,Free
U01328,2024-01-28,Free
U01329,2024-03-16,Free
U01330,2024-12-07,Free
U01331,2024-06-10,Free
U01332,2024-12-26,Free
U01333,2024-03-27,Free
U01334,2024-08-01,Free
U01335,2024-03-01,Free
U01336,2024-08-05,Pro
U01337,2024-12-27,Pro
U01338,2024-04-02,Free
U01339,2024-12-20,Free
U01340,2024-10-17,Free
U01341,2024-12-05,Free
U01342,2024-05-20,Free
U01343,2024-02-18,Free
U01344,2024-07-08,Basic
U01345,2024-12-18,Free
U01346,2024-12-06,Free
U01347,2024-07-10,Free
U01348,2024-12-28,Free
U01349,2024-08-20,Free
U01350,2024-02-06,Free
U01351,2024-01-17,Free
U01352,2024-11-02,Basic
U01353,2024-07-01,Basic
U01354,2024-07-10,Basic
U01355,2024-05-26,Free
U01356,2024-05-06,Free
U01357,2024-01-01,Free
U01358,2024-01-19,Free
U01359,2024-04-18,Free
U01360,2024-08-27,Free
U01361,2024-03-30,Pro
U01362,2024-09-06,Basic
U01363,2024-06-01,Free
U01364,2024-12-08,Basic
U01365,2024-08-02,Free
U01366,2024-12-05,Free
U01367,2024-11-19,Free
U01368,2024-05-06,Free
U01369,2024-05-26,Free
U01370,2024-03-24,Pro
U01371,2024-11-27,Free
U01372,2024-05-22,Basic
U01373,2024-09-14,Free
U01374,2024-04-14,Free
U01375,2024-11-02,Free
U01376,2024-09-22,Free
U01377,2024-02-20,Pro
U01378,2024-02-08,Basic
U01379,2024-03-24,Free
U01380,2024-04-26,Pro
U01381,2024-06-14,Basic
U01382,2024-12-15,Free
U01383,2024-03-21,Free
U01384,2024-09-24,Free
U01385,2024-11-16,Free
U01386,2024-12-22,Free
U01387,2024-02-18,Free
U01388,2024-10-05,Basic
U01389,2024-10-20,Basic
U01390,2024-04-16,Free
U01391,2024-04-08,Free
U01392,2024-03-13,Free
U01393,2024-05-01,Free
U01394,2024-12-29,Basic
U01395,2024-07-13,Basic
U01396,2024-11-30,Basic
U01397,2024-01-23,Free
U01398,2024-02-17,Free
U01399,2024-11-08,Free
U01400,2024-06-15,Free
U01401,2024-06-04,Free
U01402,2024-07-14,Free
U01403,2024-11-16,Free
U01404,2024-05-27,Free
U01405,2024-07-20,Free
U01406,2024-05-05,Free
U01407,2024-10-20,Basic
U01408,2024-06-24,Free
U01409,2024-07-22,Free
U01410,2024-01-31,Free
U01411,2024-12-30,Pro
U01412,2024-12-09,Free
U01413,2024-03-15,Free
U01414,2024-06-02,Free
U01415,2024-12-28,Free
U01416,2024-08-21,Free
U01417,2024-09-18,Basic
U01418,2024-09-01,Free
U01419,2024-05-01,Free
U01420,2024-06-18,Free
U01421,2024-02-04,Pro
U01422,2024-07-14,Enterprise
U01423,2024-07-19,Enterprise
U01424,2024-03-17,Free
U01425,2024-05-05,Free
U01426,2024-04-18,Pro
U01427,2024-10-04,Free
U01428,2024-06-13,Free
U01429,2024-06-10,Free
U01430,2024-11-04,Basic
U01431,2024-02-11,Basic
U01432,2024-04-18,Free
U01433,2024-12-06,Free
U01434,2024-01-21,Pro
U01435,2024-12-24,Free
U01436,2024-04-01,Free
U01437,2024-05-04,Free
U01438,2024-04-20,Basic
U01439,2024-09-29,Basic
U01440,2024-12-03,Free
U01441,2024-09-05,Basic
U01442,2024-10-01,Free
U01443,2024-12-06,Free
U01444,2024-01-05,Free
U01445,2024-06-12,Pro
U01446,2024-03-04,Free
U01447,2024-12-19,Basic
U01448,2024-06-21,Free
U01449,2024-09-02,Free
U01450,2024-01-05,Basic
U01451,2024-01-20,Free
U01452,2024-01-12,Pro
U01453,2024-05-26,Free
U01454,2024-04-17,Free
U01455,2024-12-17,Free
U01456,2024-07-01,Free
U01457,2024-04-11,Free
U01458,2024-08-03,Free
U01459,2024-07-21,Pro
U01460,2024-08-29,Basic
U01461,2024-08-06,Free
U01462,2024-06-23,Basic
U01463,2024-09-16,Basic
U01464,2024-06-11,Free
U01465,2024-11-24,Free
U01466,2024-12-02,Free
U01467,2024-08-12,Pro
U01468,2024-05-26,Free
U01469,2024-11-18,Free
U01470,2024-01-13,Pro
U01471,2024-07-07,Pro
U01472,2024-07-26,Basic
U01473,2024-01-22,Free
U01474,2024-06-19,Basic
U01475,2024-10-24,Free
U01476,2024-10-03,Free
U01477,2024-07-12,Free
U01478,2024-02-04,Free
U01479,2024-02-26,Basic
U01480,2024-06-11,Enterprise
U01481,2024-09-20,Enterprise
U01482,2024-11-22,Free
U01483,2024-03-07,Basic
U01484,2024-01-25,Free
U01485,2024-02-06,Free
U01486,2024-05-15,Basic
U01487,2024-05-07,Basic
U01488,2024-09-13,Basic
U01489,2024-07-12,Free
U01490,2024-01-23,Free
U01491,2024-09-16,Free
U01492,2024-12-23,Free
U01493,2024-03-12,Free
U01494,2024-07-06,Free
U01495,2024-10-16,Free
U01496,2024-03-23,Free
U01497,2024-01-16,Free
U01498,2024-05-24,Free
U01499,2024-08-21,Free
U01500,2024-12-23,Free
U01501,2024-01-13,Free
U01502,2024-10-16,Free
U01503,2024-08-02,Pro
U01504,2024-02-24,Pro
U01505,2024-08-08,Free
U01506,2024-10-21,Free
U01507,2024-08-20,Free
U01508,2024-09-25,Free
U01509,2024-02-22,Free
U01510,2024-10-07,Free
U01511,2024-12-02,Basic
U01512,2024-02-01,Free
U01513,2024-01-10,Basic
U01514,2024-02-23,Free
U01515,2024-06-08,Free
U01516,2024-06-26,Basic
U01517,2024-02-22,Basic
U01518,2024-01-22,Free
U01519,2024-09-16,Free
U01520,2024-09-20,Free
U01521,2024-04-28,Free
U01522,2024-10-16,Free
U01523,2024-12-19,Basic
U01524,2024-12-26,Basic
U01525,2024-03-19,Free
U01526,2024-08-28,Free
U01527,2024-06-02,Basic
U01528,2024-08-01,Basic
U01529,2024-12-08,Free
U01530,2024-09-20,Free
U01531,2024-11-20,Pro
U01532,2024-11-15,Free
U01533,2024-05-18,Basic
U01534,2024-04-16,Free
U01535,2024-06-10,Free
U01536,2024-04-09,Pro
U01537,2024-11-02,Free
U01538,2024-06-25,Free
U01539,2024-02-25,Pro
U01540,2024-07-04,Free
U01541,2024-11-11,Free
U01542,2024-04-29,Free
U01543,2024-06-23,Free
U01544,2024-08-22,Free
U01545,2024-01-24,Basic
U01546,2024-09-29,Free
U01547,2024-10-07,Free
U01548,2024-01-21,Free
U01549,2024-07-29,Free
U01550,2024-10-24,Free
U01551,2024-10-30,Free
U01552,2024-02-10,Free
U01553,2024-05-25,Free
U01554,2024-08-14,Free
U01555,2024-01-13,Free
U01556,2024-04-09,Basic
U01557,2024-01-16,Free
U01558,2024-06-14,Free
U01559,2024-04-09,Free
U01560,2024-06-21,Free
U01561,2024-08-03,Pro
U01562,2024-10-18,Basic
U01563,2024-01-28,Pro
U01564,2024-05-28,Free
U01565,2024-11-05,Free
U01566,2024-12-21,Free
U01567,2024-08-22,Free
U01568,2024-11-08,Basic
U01569,2024-02-23,Free
U01570,2024-02-13,Free
U01571,2024-03-14,Free
U01572,2024-06-13,Pro
U01573,2024-09-14,Free
U01574,2024-12-21,Pro
U01575,2024-06-11,Free
U01576,2024-04-20,Free
U01577,2024-09-24,Free
U01578,2024-01-24,Basic
U01579,2024-08-15,Free
U01580,2024-12-11,Free
U01581,2024-12-05,Free
U01582,2024-09-28,Basic
U01583,2024-04-13,Free
U01584,2024-10-09,Free
U01585,2024-06-18,Basic
U01586,2024-08-09,Free
U01587,2024-05-13,Free
U01588,2024-08-11,Free
U01589,2024-02-02,Basic
U01590,2024-01-07,Free
U01591,2024-05-05,Free
U01592,2024-07-26,Free
U01593,2024-05-14,Basic
U01594,2024-11-02,Free
U01595,2024-11-26,Basic
U01596,2024-08-04,Free
U01597,2024-02-14,Free
U01598,2024-05-11,Pro
U01599,2024-06-05,Free
U01600,2024-07-23,Basic
U01601,2024-08-05,Free
U01602,2024-04-13,Pro
U01603,2024-05-12,Free
U01604,2024-11-26,Pro
U01605,2024-01-28,Basic
U01606,2024-01-17,Free
U01607,2024-07-17,Free
U01608,2024-01-26,Basic
U01609,2024-10-27,Free
U01610,2024-06-29,Free
U01611,2024-03-08,Free
U01612,2024-11-16,Free
U01613,2024-02-21,Free
U01614,2024-07-06,Free
U01615,2024-06-07,Basic
U01616,2024-08-29,Free
U01617,2024-01-05,Free
U01618,2024-12-26,Free
U01619,2024-02-23,Free
U01620,2024-08-13,Free
U01621,2024-03-01,Pro
U01622,2024-02-15,Free
U01623,2024-10-20,Pro
U01624,2024-07-28,Free
U01625,2024-10-28,Free
U01626,2024-08-09,Free
U01627,2024-01-06,Free
U01628,2024-08-22,Free
U01629,2024-07-27,Enterprise
U01630,2024-11-28,Free
U01631,2024-12-16,Free
U01632,2024-03-10,Free
U01633,2024-03-08,Pro
U01634,2024-02-17,Free
U01635,2024-07-05,Enterprise
U01636,2024-11-27,Free
U01637,2024-03-29,Pro
U01638,2024-11-06,Free
U01639,2024-06-02,Free
U01640,2024-04-17,Basic
U01641,2024-02-28,Free
U01642,2024-09-29,Pro
U01643,2024-09-01,Pro
U01644,2024-09-03,Free
U01645,2024-12-27,Free
U01646,2024-12-17,Free
U01647,2024-04-03,Free
U01648,2024-02-08,Basic
U01649,2024-03-24,Free
U01650,2024-12-07,Basic
U01651,2024-02-13,Free
U01652,2024-03-14,Basic
U01653,2024-06-04,Free
U01654,2024-06-19,Free
U01655,2024-06-18,Free
U01656,2024-11-17,Free
U01657,2024-03-31,Free
U01658,2024-06-03,Free
U01659,2024-12-29,Free
U01660,2024-01-10,Pro
U01661,2024-09-04,Enterprise
U01662,2024-02-03,Enterprise
U01663,2024-06-08,Free
U01664,2024-11-22,Free
U01665,2024-04-26,Free
U01666,2024-04-08,Pro
U01667,2024-03-31,Free
U01668,2024-01-17,Basic
U01669,2024-04-25,Free
U01670,2024-06-29,Free
U01671,2024-11-19,Basic
U01672,2024-09-13,Free
U01673,2024-12-30,Pro
U01674,2024-12-08,Free
U01675,2024-07-21,Basic
U01676,2024-07-11,Free
U01677,2024-12-19,Free
U01678,2024-08-08,Free
U01679,2024-09-12,Free
U01680,2024-05-28,Free
U01681,2024-10-08,Basic
U01682,2024-04-18,Free
U01683,2024-10-29,Pro
U01684,2024-06-02,Pro
U01685,2024-05-11,Basic
U01686,2024-03-24,Free
U01687,2024-04-25,Free
U01688,2024-02-10,Free
U01689,2024-04-21,Basic
U01690,2024-11-19,Free
U01691,2024-07-13,Free
U01692,2024-10-09,Basic
U01693,2024-07-07,Basic
U01694,2024-01-24,Free
U01695,2024-01-04,Free
U01696,2024-06-29,Free
U01697,2024-10-05,Pro
U01698,2024-12-16,Free
U01699,2024-11-13,Free
U01700,2024-09-05,Free
U01701,2024-11-21,Free
U01702,2024-05-17,Free
U01703,2024-04-12,Free
U01704,2024-11-12,Free
U01705,2024-06-27,Free
U01706,2024-11-27,Free
U01707,2024-08-26,Free
U01708,2024-12-08,Free
U01709,2024-01-30,Free
U01710,2024-01-25,Free
U01711,2024-07-24,Free
U01712,2024-02-16,Basic
U01713,2024-02-08,Free
U01714,2024-01-22,Free
U01715,2024-05-28,Free
U01716,2024-09-28,Free
U01717,2024-10-13,Basic
U01718,2024-02-01,Free
U01719,2024-09-11,Free
U01720,2024-05-18,Free
U01721,2024-08-01,Free
U01722,2024-11-19,Pro
U01723,2024-04-20,Basic
U01724,2024-12-22,Free
U01725,2024-11-16,Basic
U01726,2024-02-20,Free
U01727,2024-03-28,Free
U01728,2024-09-27,Basic
U01729,2024-07-16,Pro
U01730,2024-06-15,Basic
U01731,2024-11-08,Free
U01732,2024-09-07,Free
U01733,2024-03-13,Free
U01734,2024-09-18,Free
U01735,2024-09-01,Basic
U01736,2024-03-03,Basic
U01737,2024-06-23,Free
U01738,2024-07-10,Free
U01739,2024-09-27,Free
U01740,2024-12-17,Basic
U01741,2024-12-04,Basic
U01742,2024-03-18,Basic
U01743,2024-09-26,Basic
U01744,2024-09-03,Free
U01745,2024-11-10,Free
U01746,2024-06-16,Free
U01747,2024-07-11,Free
U01748,2024-12-01,Basic
U01749,2024-01-13,Pro
U01750,2024-05-26,Free
U01751,2024-02-12,Basic
U01752,2024-05-27,Free
U01753,2024-05-30,Free
U01754,2024-01-22,Free
U01755,2024-11-23,Free
U01756,2024-04-23,Basic
U01757,2024-03-23,Free
U01758,2024-11-23,Free
U01759,2024-04-22,Free
U01760,2024-02-22,Free
U01761,2024-10-09,Free
U01762,2024-04-06,Free
U01763,2024-11-29,Free
U01764,2024-02-28,Free
U01765,2024-02-19,Free
U01766,2024-01-19,Free
U01767,2024-02-16,Free
U01768,2024-10-15,Free
U01769,2024-06-30,Basic
U01770,2024-08-02,Free
U01771,2024-05-07,Basic
U01772,2024-09-04,Enterprise
U01773,2024-10-06,Free
U01774,2024-07-20,Pro
U01775,2024-08-05,Free
U01776,2024-07-20,Free
U01777,2024-01-06,Free
U01778,2024-11-13,Free
U01779,2024-03-22,Basic
U01780,2024-08-06,Free
U01781,2024-03-11,Free
U01782,2024-09-22,Free
U01783,2024-10-17,Free
U01784,2024-05-03,Free
U01785,2024-06-14,Pro
U01786,2024-10-21,Free
U01787,2024-08-17,Free
U01788,2024-02-10,Free
U01789,2024-04-17,Free
U01790,2024-11-17,Free
U01791,2024-10-16,Basic
U01792,2024-05-13,Free
U01793,2024-09-22,Free
U01794,2024-12-17,Free
U01795,2024-08-20,Free
U01796,2024-02-28,Free
U01797,2024-03-05,Free
U01798,2024-09-22,Free
U01799,2024-11-10,Basic
U01800,2024-02-17,Free
U01801,2024-09-04,Free
U01802,2024-04-07,Free
U01803,2024-10-10,Free
U01804,2024-10-27,Free
U01805,2024-10-31,Free
U01806,2024-03-23,Pro
U01807,2024-03-13,Basic
U01808,2024-04-15,Basic
U01809,2024-09-18,Pro
U01810,2024-05-24,Free
U01811,2024-10-09,Free
U01812,2024-08-31,Basic
U01813,2024-05-06,Basic
U01814,2024-09-27,Basic
U01815,2024-03-13,Free
U01816,2024-09-04,Free
U01817,2024-02-12,Free
U01818,2024-06-18,Basic
U01819,2024-06-16,Free
U01820,2024-09-01,Basic
U01821,2024-02-16,Free
U01822,2024-08-12,Free
U01823,2024-03-09,Free
U01824,2024-10-16,Free
U01825,2024-03-01,Free
U01826,2024-11-13,Free
U01827,2024-11-26,Free
U01828,2024-04-03,Pro
U01829,2024-05-17,Pro
U01830,2024-05-06,Basic
U01831,2024-11-14,Free
U01832,2024-06-22,Free
U01833,2024-12-23,Basic
U01834,2024-03-31,Free
U01835,2024-06-27,Basic
U01836,2024-07-27,Pro
U01837,2024-04-16,Free
U01838,2024-10-10,Pro
U01839,2024-02-06,Free
U01840,2024-02-25,Basic
U01841,2024-09-14,Free
U01842,2024-12-28,Free
U01843,2024-08-17,Free
U01844,2024-04-23,Free
U01845,2024-02-06,Basic
U01846,2024-01-18,Basic
U01847,2024-05-29,Basic
U01848,2024-07-04,Free
U01849,2024-09-16,Free
U01850,2024-05-14,Free
U01851,2024-11-05,Free
U01852,2024-07-25,Free
U01853,2024-01-03,Free
U01854,2024-08-29,Free
U01855,2024-04-11,Free
U01856,2024-05-12,Basic
U01857,2024-12-13,Free
U01858,2024-04-18,Basic
U01859,2024-03-23,Free
U01860,2024-03-09,Free
U01861,2024-05-19,Free
U01862,2024-11-07,Free
U01863,2024-06-01,Free
U01864,2024-11-14,Free
U01865,2024-12-09,Basic
U01866,2024-11-06,Free
U01867,2024-02-24,Pro
U01868,2024-02-05,Free
U01869,2024-06-25,Free
U01870,2024-10-21,Free
U01871,2024-07-31,Pro
U01872,2024-01-06,Free
U01873,2024-02-04,Free
U01874,2024-04-27,Basic
U01875,2024-03-27,Basic
U01876,2024-11-08,Free
U01877,2024-10-11,Free
U01878,2024-03-27,Free
U01879,2024-02-15,Free
U01880,2024-04-21,Free
U01881,2024-09-03,Free
U01882,2024-05-13,Basic
U01883,2024-04-03,Free
U01884,2024-10-15,Free
U01885,2024-05-05,Free
U01886,2024-05-01,Free
U01887,2024-04-24,Free
U01888,2024-07-19,Free
U01889,2024-01-11,Free
U01890,2024-09-03,Free
U01891,2024-05-06,Free
U01892,2024-05-31,Free
U01893,2024-05-16,Free
U01894,2024-01-19,Free
U01895,2024-06-23,Basic
U01896,2024-12-19,Free
U01897,2024-09-02,Free
U01898,2024-04-02,Free
U01899,2024-07-23,Free
U01900,2024-09-01,Free
U01901,2024-10-21,Free
U01902,2024-10-08,Free
U01903,2024-09-25,Free
U01904,2024-10-31,Free
U01905,2024-11-09,Free
U01906,2024-11-04,Basic
U01907,2024-03-02,Basic
U01908,2024-01-25,Free
U01909,2024-07-25,Pro
U01910,2024-10-08,Free
U01911,2024-01-25,Basic
U01912,2024-03-13,Free
U01913,2024-11-16,Free
U01914,2024-03-26,Basic
U01915,2024-12-29,Free
U01916,2024-08-20,Free
U01917,2024-12-04,Basic
U01918,2024-09-27,Free
U01919,2024-06-29,Free
U01920,2024-02-26,Basic
U01921,2024-02-17,Free
U01922,2024-05-15,Basic
U01923,2024-07-22,Free
U01924,2024-12-25,Pro
U01925,2024-08-07,Free
U01926,2024-02-18,Free
U01927,2024-11-17,Free
U01928,2024-11-30,Free
U01929,2024-08-08,Free
U01930,2024-08-08,Free
U01931,2024-01-03,Free
U01932,2024-11-15,Free
U01933,2024-03-02,Free
U01934,2024-02-29,Basic
U01935,2024-05-01,Free
U01936,2024-04-05,Free
U01937,2024-08-22,Basic
U01938,2024-09-12,Free
U01939,2024-12-13,Free
U01940,2024-11-12,Free
U01941,2024-02-17,Free
U01942,2024-05-15,Free
U01943,2024-11-09,Basic
U01944,2024-11-13,Basic
U01945,2024-11-09,Basic
U01946,2024-12-20,Free
U01947,2024-07-10,Basic
U01948,2024-02-28,Free
U01949,2024-09-21,Free
U01950,2024-08-02,Free
U01951,2024-10-03,Free
U01952,2024-10-18,Basic
U01953,2024-09-01,Free
U01954,2024-11-27,Free
U01955,2024-09-25,Basic
U01956,2024-01-16,Free
U01957,2024-02-28,Free
U01958,2024-08-24,Free
U01959,2024-04-03,Basic
U01960,2024-05-17,Free
U01961,2024-07-25,Free
U01962,2024-08-05,Free
U01963,2024-12-11,Free
U01964,2024-11-13,Basic
U01965,2024-03-02,Free
U01966,2024-08-26,Free
U01967,2024-08-09,Free
U01968,2024-06-21,Basic
U01969,2024-04-19,Free
U01970,2024-12-21,Basic
U01971,2024-03-14,Free
U01972,2024-07-25,Basic
U01973,2024-10-05,Enterprise
U01974,2024-12-05,Basic
U01975,2024-12-05,Free
U01976,2024-01-28,Free
U01977,2024-06-13,Free
U01978,2024-03-10,Free
U01979,2024-04-05,Free
U01980,2024-01-05,Free
U01981,2024-10-28,Free
U01982,2024-08-04,Pro
U01983,2024-07-05,Free
U01984,2024-09-11,Pro
U01985,2024-04-13,Free
U01986,2024-09-14,Basic
U01987,2024-06-30,Basic
U01988,2024-02-07,Free
U01989,2024-10-02,Pro
U01990,2024-10-13,Basic
U01991,2024-03-01,Basic
U01992,2024-12-30,Free
U01993,2024-12-16,Free
U01994,2024-09-09,Free
U01995,2024-10-17,Free
U01996,2024-07-05,Basic
U01997,2024-10-30,Free
U01998,2024-03-26,Free
U01999,2024-04-23,Basic
U02000,2024-12-21,Free
U02001,2024-07-25,Free
U02002,2024-12-20,Pro
U02003,2024-07-15,Basic
U02004,2024-05-17,Free
U02005,2024-03-08,Enterprise
U02006,2024-01-19,Free
U02007,2024-03-14,Free
U02008,2024-06-01,Free
U02009,2024-07-29,Basic
U02010,2024-05-18,Pro
U02011,2024-07-01,Free
U02012,2024-07-09,Free
U02013,2024-02-20,Free
U02014,2024-02-19,Free
U02015,2024-04-22,Free
U02016,2024-06-14,Free
U02017,2024-07-21,Pro
U02018,2024-07-07,Free
U02019,2024-02-24,Basic
U02020,2024-03-15,Free
U02021,2024-05-12,Free
U02022,2024-02-28,Free
U02023,2024-06-30,Free
U02024,2024-12-04,Basic
U02025,2024-11-22,Free
U02026,2024-05-22,Free
U02027,2024-08-01,Free
U02028,2024-07-27,Basic
U02029,2024-05-21,Free
U02030,2024-04-21,Free
U02031,2024-02-28,Free
U02032,2024-09-24,Free
U02033,2024-01-20,Pro
U02034,2024-05-10,Free
U02035,2024-03-30,Free
U02036,2024-11-17,Free
U02037,2024-08-17,Free
U02038,2024-01-26,Basic
U02039,2024-12-29,Free
U02040,2024-05-29,Basic
U02041,2024-01-29,Free
U02042,2024-07-27,Free
U02043,2024-04-25,Free
U02044,2024-11-13,Free
U02045,2024-02-14,Pro
U02046,2024-06-03,Basic
U02047,2024-03-28,Pro
U02048,2024-03-13,Enterprise
U02049,2024-07-30,Free
U02050,2024-08-26,Free
U02051,2024-11-08,Free
U02052,2024-04-04,Basic
U02053,2024-10-02,Free
U02054,2024-11-04,Pro
U02055,2024-09-29,Basic
U02056,2024-12-15,Free
U02057,2024-01-11,Basic
U02058,2024-03-11,Free
U02059,2024-10-16,Free
U02060,2024-02-19,Free
U02061,2024-02-21,Free
U02062,2024-03-24,Pro
U02063,2024-05-05,Free
U02064,2024-03-12,Free
U02065,2024-02-25,Free
U02066,2024-04-19,Free
U02067,2024-04-02,Free
U02068,2024-02-29,Basic
U02069,2024-01-28,Free
U02070,2024-05-04,Free
U02071,2024-02-05,Free
U02072,2024-03-26,Pro
U02073,2024-12-03,Free
U02074,2024-12-09,Free
U02075,2024-10-04,Free
U02076,2024-01-11,Free
U02077,2024-04-05,Free
U02078,2024-07-10,Free
U02079,2024-05-07,Free
U02080,2024-12-20,Free
U02081,2024-11-11,Free
U02082,2024-05-24,Free
U02083,2024-08-10,Free
U02084,2024-11-08,Basic
U02085,2024-06-29,Free
U02086,2024-09-21,Free
U02087,2024-03-29,Free
U02088,2024-04-15,Free
U02089,2024-11-14,Free
U02090,2024-01-13,Enterprise
U02091,2024-02-09,Free
U02092,2024-08-06,Free
U02093,2024-11-28,Basic
U02094,2024-11-27,Free
U02095,2024-07-29,Free
U02096,2024-09-05,Basic
U02097,2024-01-18,Free
U02098,2024-10-21,Free
U02099,2024-12-10,Free
U02100,2024-12-30,Pro
U02101,2024-08-16,Free
U02102,2024-03-17,Free
U02103,2024-12-11,Basic
U02104,2024-11-05,Free
U02105,2024-02-08,Pro
U02106,2024-11-28,Free
U02107,2024-07-09,Free
U02108,2024-08-07,Free
U02109,2024-05-10,Free
U02110,2024-08-13,Pro
U02111,2024-04-05,Pro
U02112,2024-07-18,Free
U02113,2024-11-13,Free
U02114,2024-07-24,Free
U02115,2024-09-12,Free
U02116,2024-06-25,Basic
U02117,2024-12-14,Basic
U02118,2024-07-08,Enterprise
U02119,2024-05-06,Free
U02120,2024-09-10,Free
U02121,2024-03-24,Free
U02122,2024-01-13,Free
U02123,2024-04-23,Free
U02124,2024-07-23,Free
U02125,2024-09-29,Free
U02126,2024-11-23,Pro
U02127,2024-04-18,Pro
U02128,2024-11-23,Free
U02129,2024-04-20,Pro
U02130,2024-08-16,Free
U02131,2024-07-07,Free
U02132,2024-01-02,Basic
U02133,2024-10-12,Enterprise
U02134,2024-04-05,Free
U02135,2024-08-25,Basic
U02136,2024-09-25,Free
U02137,2024-04-03,Free
U02138,2024-02-24,Free
U02139,2024-04-25,Free
U02140,2024-06-28,Free
U02141,2024-02-22,Free
U02142,2024-06-28,Free
U02143,2024-11-08,Free
U02144,2024-06-30,Enterprise
U02145,2024-02-13,Free
U02146,2024-04-07,Free
U02147,2024-10-14,Free
U02148,2024-08-24,Free
U02149,2024-03-12,Pro
U02150,2024-09-24,Free
U02151,2024-08-19,Free
U02152,2024-05-18,Free
U02153,2024-12-16,Basic
U02154,2024-08-08,Basic
U02155,2024-02-25,Free
U02156,2024-04-11,Free
U02157,2024-07-10,Free
U02158,2024-07-18,Basic
U02159,2024-08-14,Free
U02160,2024-12-09,Free
U02161,2024-04-24,Free
U02162,2024-04-13,Pro
U02163,2024-06-04,Free
U02164,2024-01-06,Free
U02165,2024-01-28,Basic
U02166,2024-04-28,Free
U02167,2024-08-31,Basic
U02168,2024-08-05,Pro
U02169,2024-06-12,Pro
U02170,2024-11-03,Free
U02171,2024-04-14,Free
U02172,2024-07-06,Enterprise
U02173,2024-07-04,Free
U02174,2024-08-25,Free
U02175,2024-10-10,Free
U02176,2024-07-28,Enterprise
U02177,2024-04-06,Pro
U02178,2024-07-26,Free
U02179,2024-05-16,Free
U02180,2024-07-02,Free
U02181,2024-05-21,Free
U02182,2024-10-16,Free
U02183,2024-04-27,Free
U02184,2024-10-08,Free
U02185,2024-12-25,Free
U02186,2024-11-18,Free
U02187,2024-07-13,Basic
U02188,2024-04-22,Free
U02189,2024-04-14,Free
U02190,2024-10-08,Basic
U02191,2024-12-16,Free
U02192,2024-05-19,Pro
U02193,2024-03-27,Free
U02194,2024-05-08,Free
U02195,2024-03-06,Free
U02196,2024-05-28,Free
U02197,2024-04-25,Free
U02198,2024-10-20,Free
U02199,2024-09-06,Free
U02200,2024-10-28,Free
U02201,2024-03-10,Pro
U02202,2024-04-21,Free
U02203,2024-03-31,Pro
U02204,2024-08-14,Free
U02205,2024-05-30,Free
U02206,2024-02-09,Free
U02207,2024-12-10,Pro
U02208,2024-07-18,Basic
U02209,2024-03-01,Basic
U02210,2024-08-24,Free
U02211,2024-02-06,Free
U02212,2024-08-24,Free
U02213,2024-07-15,Free
U02214,2024-08-27,Basic
U02215,2024-12-25,Free
U02216,2024-01-30,Basic
U02217,2024-04-17,Free
U02218,2024-03-30,Basic
U02219,2024-08-07,Enterprise
U02220,2024-04-12,Pro
U02221,2024-07-02,Free
U02222,2024-09-03,Free
U02223,2024-12-10,Free
U02224,2024-10-04,Free
U02225,2024-04-20,Free
U02226,2024-09-05,Free
U02227,2024-06-30,Pro
U02228,2024-11-30,Basic
U02229,2024-06-14,Pro
U02230,2024-07-26,Free
U02231,2024-06-23,Free
U02232,2024-03-30,Free
U02233,2024-06-14,Free
U02234,2024-03-18,Pro
U02235,2024-06-11,Free
U02236,2024-08-26,Free
U02237,2024-05-22,Basic
U02238,2024-10-09,Basic
U02239,2024-09-01,Free
U02240,2024-02-29,Free
U02241,2024-02-27,Free
U02242,2024-08-04,Free
U02243,2024-10-29,Free
U02244,2024-01-20,Free
U02245,2024-02-28,Free
U02246,2024-05-25,Free
U02247,2024-09-05,Basic
U02248,2024-01-13,Free
U02249,2024-02-13,Free
U02250,2024-01-19,Basic
U02251,2024-08-26,Free
U02252,2024-12-02,Free
U02253,2024-04-09,Free
U02254,2024-05-01,Basic
U02255,2024-12-25,Free
U02256,2024-05-24,Pro
U02257,2024-02-19,Free
U02258,2024-10-14,Basic
U02259,2024-11-09,Free
U02260,2024-08-26,Free
U02261,2024-10-22,Free
U02262,2024-08-07,Pro
U02263,2024-12-11,Free
U02264,2024-08-24,Basic
U02265,2024-09-15,Free
U02266,2024-10-06,Pro
U02267,2024-06-07,Pro
U02268,2024-02-14,Basic
U02269,2024-03-11,Pro
U02270,2024-04-12,Free
U02271,2024-11-08,Free
U02272,2024-10-12,Basic
U02273,2024-05-25,Free
U02274,2024-08-08,Free
U02275,2024-04-07,Basic
U02276,2024-06-21,Free
U02277,2024-12-15,Free
U02278,2024-05-01,Free
U02279,2024-04-17,Free
U02280,2024-01-06,Free
U02281,2024-05-25,Free
U02282,2024-04-05,Free
U02283,2024-07-20,Free
U02284,2024-04-21,Pro
U02285,2024-11-18,Basic
U02286,2024-10-25,Pro
U02287,2024-12-02,Basic
U02288,2024-08-01,Basic
U02289,2024-10-17,Pro
U02290,2024-05-29,Basic
U02291,2024-09-23,Free
U02292,2024-01-03,Enterprise
U02293,2024-03-16,Free
U02294,2024-08-12,Free
U02295,2024-09-07,Pro
U02296,2024-10-05,Free
U02297,2024-05-04,Free
U02298,2024-02-16,Free
U02299,2024-08-02,Free
U02300,2024-08-24,Free
U02301,2024-01-25,Basic
U02302,2024-11-09,Free
U02303,2024-05-06,Free
U02304,2024-11-29,Free
U02305,2024-02-17,Free
U02306,2024-04-08,Free
U02307,2024-03-25,Basic
U02308,2024-06-21,Free
U02309,2024-07-27,Free
U02310,2024-03-04,Free
U02311,2024-04-30,Free
U02312,2024-02-23,Free
U02313,2024-09-28,Free
U02314,2024-01-18,Basic
U02315,2024-07-05,Free
U02316,2024-09-18,Basic
U02317,2024-08-26,Free
U02318,2024-03-16,Free
U02319,2024-09-02,Free
U02320,2024-11-10,Free
U02321,2024-03-19,Free
U02322,2024-09-19,Free
U02323,2024-03-03,Free
U02324,2024-01-12,Free
U02325,2024-02-12,Basic
U02326,2024-09-09,Free
U02327,2024-10-18,Basic
U02328,2024-11-20,Free
U02329,2024-10-18,Free
U02330,2024-12-14,Free
U02331,2024-04-10,Free
U02332,2024-09-26,Basic
U02333,2024-06-28,Free
U02334,2024-10-19,Basic
U02335,2024-08-15,Free
U02336,2024-10-01,Free
U02337,2024-01-21,Basic
U02338,2024-01-27,Pro
U02339,2024-10-11,Free
U02340,2024-11-21,Free
U02341,2024-08-11,Free
U02342,2024-12-21,Free
U02343,2024-10-01,Free
U02344,2024-05-20,Free
U02345,2024-08-08,Free
U02346,2024-06-28,Pro
U02347,2024-11-24,Free
U02348,2024-02-07,Free
U02349,2024-08-26,Basic
U02350,2024-05-27,Free
U02351,2024-02-19,Free
U02352,2024-12-08,Basic
U02353,2024-06-13,Free
U02354,2024-11-19,Free
U02355,2024-10-16,Free
U02356,2024-05-16,Free
U02357,2024-05-14,Free
U02358,2024-06-07,Free
U02359,2024-12-06,Basic
U02360,2024-12-04,Enterprise
U02361,2024-10-14,Free
U02362,2024-05-17,Free
U02363,2024-11-11,Free
U02364,2024-12-17,Basic
U02365,2024-10-28,Free
U02366,2024-04-16,Free
U02367,2024-12-06,Basic
U02368,2024-11-01,Free
U02369,2024-07-27,Pro
U02370,2024-12-13,Free
U02371,2024-02-16,Free
U02372,2024-04-15,Basic
U02373,2024-04-15,Basic
U02374,2024-04-17,Free
U02375,2024-10-22,Free
U02376,2024-11-26,Basic
U02377,2024-01-12,Free
U02378,2024-10-09,Free
U02379,2024-10-31,Free
U02380,2024-11-11,Free
U02381,2024-03-24,Free
U02382,2024-10-07,Free
U02383,2024-09-22,Free
U02384,2024-10-22,Free
U02385,2024-12-26,Free
U02386,2024-10-29,Free
U02387,2024-07-26,Free
U02388,2024-07-03,Basic
U02389,2024-12-28,Free
U02390,2024-12-01,Free
U02391,2024-03-29,Pro
U02392,2024-03-13,Free
U02393,2024-07-19,Free
U02394,2024-08-13,Basic
U02395,2024-02-08,Free
U02396,2024-11-16,Free
U02397,2024-06-12,Free
U02398,2024-06-07,Basic
U02399,2024-07-12,Free
U02400,2024-01-12,Free
U02401,2024-12-05,Free
U02402,2024-10-06,Free
U02403,2024-04-19,Free
U02404,2024-05-25,Free
U02405,2024-06-10,Pro
U02406,2024-11-27,Free
U02407,2024-02-05,Enterprise
U02408,2024-01-22,Free
U02409,2024-12-01,Enterprise
U02410,2024-08-04,Free
U02411,2024-06-12,Free
U02412,2024-10-20,Free
U02413,2024-12-30,Free
U02414,2024-07-05,Pro
U02415,2024-05-28,Free
U02416,2024-08-18,Free
U02417,2024-07-16,Free
U02418,2024-12-02,Free
U02419,2024-05-21,Free
U02420,2024-02-15,Free
U02421,2024-02-13,Pro
U02422,2024-11-05,Pro
U02423,2024-04-07,Free
U02424,2024-10-09,Free
U02425,2024-04-13,Free
U02426,2024-07-24,Free
U02427,2024-12-18,Free
U02428,2024-12-20,Free
U02429,2024-03-23,Free
U02430,2024-07-08,Free
U02431,2024-09-07,Basic
U02432,2024-05-12,Free
U02433,2024-11-21,Basic
U02434,2024-04-04,Free
U02435,2024-11-20,Free
U02436,2024-03-29,Free
U02437,2024-05-08,Free
U02438,2024-12-08,Free
U02439,2024-02-23,Free
U02440,2024-02-23,Basic
U02441,2024-04-08,Pro
U02442,2024-07-11,Free
U02443,2024-04-20,Free
U02444,2024-07-12,Free
U02445,2024-11-21,Free
U02446,2024-04-21,Free
U02447,2024-05-10,Basic
U02448,2024-07-15,Free
U02449,2024-07-22,Free
U02450,2024-10-02,Basic
U02451,2024-09-16,Free
U02452,2024-10-01,Basic
U02453,2024-06-21,Basic
U02454,2024-07-06,Basic
U02455,2024-02-21,Free
U02456,2024-12-30,Basic
U02457,2024-07-29,Free
U02458,2024-07-18,Pro
U02459,2024-08-27,Free
U02460,2024-10-25,Free
U02461,2024-05-16,Free
U02462,2024-07-29,Basic
U02463,2024-09-24,Free
U02464,2024-09-23,Free
U02465,2024-01-11,Free
U02466,2024-10-01,Free
U02467,2024-08-17,Free
U02468,2024-08-07,Pro
U02469,2024-08-19,Free
U02470,2024-02-21,Basic
U02471,2024-09-19,Free
U02472,2024-11-12,Enterprise
U02473,2024-06-02,Basic
U02474,2024-05-19,Free
U02475,2024-04-26,Free
U02476,2024-11-04,Free
U02477,2024-09-25,Basic
U02478,2024-04-27,Free
U02479,2024-04-25,Free
U02480,2024-03-15,Pro
U02481,2024-01-07,Free
U02482,2024-01-11,Free
U02483,2024-08-02,Basic
U02484,2024-01-28,Free
U02485,2024-11-08,Free
U02486,2024-02-23,Free
U02487,2024-12-18,Free
U02488,2024-11-29,Free
U02489,2024-12-13,Enterprise
U02490,2024-07-26,Free
U02491,2024-04-02,Basic
U02492,2024-04-19,Pro
U02493,2024-12-23,Free
U02494,2024-02-16,Free
U02495,2024-09-02,Free
U02496,2024-11-15,Basic
U02497,2024-01-07,Free
U02498,2024-07-28,Free
U02499,2024-11-25,Free
U02500,2024-11-01,Free
U02501,2024-11-03,Free
U02502,2024-08-23,Free
U02503,2024-01-04,Basic
U02504,2024-08-05,Free
U02505,2024-03-11,Free
U02506,2024-07-07,Free
U02507,2024-09-09,Free
U02508,2024-10-18,Free
U02509,2024-05-02,Free
U02510,2024-02-01,Pro
U02511,2024-05-25,Free
U02512,2024-01-16,Free
U02513,2024-09-07,Free
U02514,2024-09-16,Free
U02515,2024-02-08,Pro
U02516,2024-02-08,Free
U02517,2024-01-30,Free
U02518,2024-07-21,Basic
U02519,2024-09-24,Basic
U02520,2024-01-18,Free
U02521,2024-09-11,Pro
U02522,2024-09-13,Free
U02523,2024-12-11,Pro
U02524,2024-08-24,Free
U02525,2024-02-13,Free
U02526,2024-03-26,Free
U02527,2024-04-04,Enterprise
U02528,2024-01-30,Free
U02529,2024-02-02,Free
U02530,2024-01-12,Pro
U02531,2024-06-03,Free
U02532,2024-09-02,Free
U02533,2024-09-03,Free
U02534,2024-08-22,Free
U02535,2024-09-27,Free
U02536,2024-06-20,Free
U02537,2024-09-15,Free
U02538,2024-07-28,Free
U02539,2024-07-04,Free
U02540,2024-04-04,Basic
U02541,2024-03-08,Free
U02542,2024-07-14,Free
U02543,2024-04-02,Free
U02544,2024-06-20,Pro
U02545,2024-01-25,Free
U02546,2024-03-25,Free
U02547,2024-05-23,Basic
U02548,2024-06-15,Free
U02549,2024-08-07,Free
U02550,2024-09-21,Free
U02551,2024-05-29,Free
U02552,2024-08-02,Basic
U02553,2024-02-22,Free
U02554,2024-11-25,Free
U02555,2024-09-27,Free
U02556,2024-05-02,Free
U02557,2024-12-04,Basic
U02558,2024-01-29,Free
U02559,2024-01-06,Free
U02560,2024-10-20,Free
U02561,2024-05-26,Pro
U02562,2024-01-08,Basic
U02563,2024-12-05,Free
U02564,2024-06-27,Free
U02565,2024-02-14,Free
U02566,2024-01-16,Free
U02567,2024-01-09,Free
U02568,2024-11-28,Free
U02569,2024-11-22,Free
U02570,2024-04-11,Basic
U02571,2024-10-04,Free
U02572,2024-01-01,Free
U02573,2024-07-26,Basic
U02574,2024-11-01,Free
U02575,2024-07-06,Free
U02576,2024-11-29,Free
U02577,2024-10-05,Enterprise
U02578,2024-01-25,Free
U02579,2024-05-20,Free
U02580,2024-10-10,Free
U02581,2024-11-14,Free
U02582,2024-06-27,Free
U02583,2024-06-08,Free
U02584,2024-08-19,Free
U02585,2024-08-07,Free
U02586,2024-10-28,Enterprise
U02587,2024-11-18,Pro
U02588,2024-01-06,Basic
U02589,2024-04-03,Free
U02590,2024-07-15,Free
U02591,2024-04-27,Free
U02592,2024-12-03,Free
U02593,2024-10-27,Free
U02594,2024-11-14,Basic
U02595,2024-04-23,Free
U02596,2024-07-21,Basic
U02597,2024-11-04,Free
U02598,2024-01-14,Basic
U02599,2024-08-03,Free
U02600,2024-02-20,Basic
U02601,2024-08-01,Free
U02602,2024-10-01,Free
U02603,2024-08-07,Free
U02604,2024-07-05,Free
U02605,2024-01-28,Basic
U02606,2024-09-09,Free
U02607,2024-02-06,Free
U02608,2024-04-07,Free
U02609,2024-06-16,Free
U02610,2024-11-28,Free
U02611,2024-11-05,Free
U02612,2024-01-28,Free
U02613,2024-06-21,Free
U02614,2024-08-23,Basic
U02615,2024-08-01,Basic
U02616,2024-08-19,Free
U02617,2024-03-05,Free
U02618,2024-04-24,Free
U02619,2024-12-28,Free
U02620,2024-06-06,Pro
U02621,2024-05-25,Free
U02622,2024-08-12,Free
U02623,2024-04-12,Free
U02624,2024-10-27,Free
U02625,2024-03-28,Basic
U02626,2024-06-16,Free
U02627,2024-05-14,Basic
U02628,2024-12-05,Free
U02629,2024-12-12,Free
U02630,2024-04-18,Free
U02631,2024-01-21,Basic
U02632,2024-04-21,Free
U02633,2024-06-25,Free
U02634,2024-04-10,Pro
U02635,2024-04-01,Free
U02636,2024-01-25,Free
U02637,2024-10-23,Free
U02638,2024-09-05,Free
U02639,2024-03-15,Free
U02640,2024-06-16,Free
U02641,2024-12-20,Free
U02642,2024-01-19,Free
U02643,2024-08-28,Free
U02644,2024-12-09,Free
U02645,2024-07-08,Free
U02646,2024-06-01,Free
U02647,2024-05-05,Free
U02648,2024-12-10,Free
U02649,2024-08-08,Basic
U02650,2024-07-29,Free
U02651,2024-06-30,Pro
U02652,2024-05-08,Free
U02653,2024-12-01,Free
U02654,2024-02-03,Free
U02655,2024-02-14,Free
U02656,2024-05-01,Free
U02657,2024-12-26,Free
U02658,2024-02-08,Basic
U02659,2024-01-10,Free
U02660,2024-08-31,Free
U02661,2024-03-28,Free
U02662,2024-11-24,Free
U02663,2024-01-04,Free
U02664,2024-01-09,Free
U02665,2024-06-02,Pro
U02666,2024-09-28,Free
U02667,2024-11-03,Basic
U02668,2024-09-17,Free
U02669,2024-05-25,Pro
U02670,2024-04-02,Pro
U02671,2024-04-18,Basic
U02672,2024-04-04,Free
U02673,2024-03-07,Free
U02674,2024-09-12,Pro
U02675,2024-04-26,Free
U02676,2024-10-24,Basic
U02677,2024-05-20,Free
U02678,2024-03-14,Pro
U02679,2024-03-13,Basic
U02680,2024-05-09,Free
U02681,2024-02-29,Free
U02682,2024-10-22,Basic
U02683,2024-12-06,Pro
U02684,2024-07-24,Free
U02685,2024-07-15,Basic
U02686,2024-03-29,Free
U02687,2024-10-02,Free
U02688,2024-07-27,Free
U02689,2024-06-01,Basic
U02690,2024-12-24,Free
U02691,2024-03-10,Free
U02692,2024-04-08,Free
U02693,2024-12-05,Basic
U02694,2024-08-01,Free
U02695,2024-11-13,Basic
U02696,2024-08-03,Basic
U02697,2024-01-15,Basic
U02698,2024-02-04,Basic
U02699,2024-12-23,Free
U02700,2024-01-30,Free
U02701,2024-05-23,Free
U02702,2024-08-19,Basic
U02703,2024-07-28,Free
U02704,2024-03-23,Basic
U02705,2024-07-09,Pro
U02706,2024-01-07,Basic
U02707,2024-02-03,Free
U02708,2024-01-06,Free
U02709,2024-08-02,Basic
U02710,2024-05-05,Free
U02711,2024-12-02,Free
U02712,2024-11-26,Free
U02713,2024-04-24,Free
U02714,2024-10-10,Basic
U02715,2024-06-14,Free
U02716,2024-03-30,Free
U02717,2024-02-23,Free
U02718,2024-08-09,Pro
U02719,2024-06-27,Pro
U02720,2024-08-11,Basic
U02721,2024-11-22,Free
U02722,2024-06-05,Basic
U02723,2024-11-07,Free
U02724,2024-02-04,Basic
U02725,2024-09-02,Free
U02726,2024-01-07,Basic
U02727,2024-08-06,Free
U02728,2024-06-20,Free
U02729,2024-05-02,Basic
U02730,2024-06-26,Free
U02731,2024-06-13,Free
U02732,2024-07-27,Free
U02733,2024-02-17,Basic
U02734,2024-06-23,Free
U02735,2024-04-25,Free
U02736,2024-09-09,Pro
U02737,2024-04-04,Basic
U02738,2024-01-24,Free
U02739,2024-12-03,Free
U02740,2024-07-24,Free
U02741,2024-03-19,Pro
U02742,2024-09-27,Basic
U02743,2024-09-03,Free
U02744,2024-07-08,Pro
U02745,2024-12-26,Free
U02746,2024-12-17,Free
U02747,2024-09-12,Free
U02748,2024-08-28,Free
U02749,2024-02-03,Free
U02750,2024-08-23,Free
U02751,2024-12-14,Free
U02752,2024-07-10,Free
U02753,2024-02-07,Free
U02754,2024-12-12,Free
U02755,2024-07-27,Free
U02756,2024-03-29,Free
U02757,2024-04-02,Free
U02758,2024-09-01,Basic
U02759,2024-09-28,Basic
U02760,2024-05-07,Free
U02761,2024-09-29,Free
U02762,2024-05-09,Pro
U02763,2024-12-15,Free
U02764,2024-11-20,Free
U02765,2024-01-16,Free
U02766,2024-06-13,Free
U02767,2024-07-15,Basic
U02768,2024-11-17,Free
U02769,2024-04-09,Free
U02770,2024-08-01,Basic
U02771,2024-06-05,Free
U02772,2024-04-06,Basic
U02773,2024-04-06,Basic
U02774,2024-05-11,Free
U02775,2024-03-22,Free
U02776,2024-02-28,Free
U02777,2024-10-10,Free
U02778,2024-08-15,Pro
U02779,2024-11-13,Free
U02780,2024-03-27,Basic
U02781,2024-02-25,Free
U02782,2024-01-18,Free
U02783,2024-04-22,Free
U02784,2024-10-21,Basic
U02785,2024-03-19,Basic
U02786,2024-06-30,Free
U02787,2024-09-06,Free
U02788,2024-07-14,Enterprise
U02789,2024-09-04,Free
U02790,2024-09-19,Basic
U02791,2024-07-11,Pro
U02792,2024-10-31,Basic
U02793,2024-12-28,Free
U02794,2024-11-29,Basic
U02795,2024-11-27,Pro
U02796,2024-07-02,Basic
U02797,2024-05-07,Pro
U02798,2024-11-23,Free
U02799,2024-08-28,Free
U02800,2024-03-23,Free
U02801,2024-07-03,Free
U02802,2024-04-08,Free
U02803,2024-01-22,Pro
U02804,2024-05-05,Free
U02805,2024-02-11,Free
U02806,2024-01-31,Free
U02807,2024-09-03,Enterprise
U02808,2024-10-20,Free
U02809,2024-07-25,Basic
U02810,2024-10-04,Basic
U02811,2024-02-26,Free
U02812,2024-10-17,Basic
U02813,2024-11-03,Basic
U02814,2024-07-16,Free
U02815,2024-06-27,Free
U02816,2024-10-03,Basic
U02817,2024-03-01,Free
U02818,2024-01-26,Free
U02819,2024-03-05,Basic
U02820,2024-07-10,Pro
U02821,2024-07-05,Pro
U02822,2024-06-29,Free
U02823,2024-11-30,Basic
U02824,2024-07-24,Free
U02825,2024-11-22,Free
U02826,2024-01-02,Free
U02827,2024-05-04,Free
U02828,2024-05-19,Basic
U02829,2024-10-14,Free
U02830,2024-05-08,Free
U02831,2024-02-27,Free
U02832,2024-02-14,Free
U02833,2024-01-23,Free
U02834,2024-11-30,Pro
U02835,2024-10-08,Basic
U02836,2024-02-05,Free
U02837,2024-07-10,Free
U02838,2024-03-09,Free
U02839,2024-02-24,Basic
U02840,2024-12-01,Enterprise
U02841,2024-04-28,Free
U02842,2024-06-02,Basic
U02843,2024-03-07,Free
U02844,2024-02-03,Free
U02845,2024-06-17,Pro
U02846,2024-01-03,Basic
U02847,2024-10-13,Basic
U02848,2024-04-14,Free
U02849,2024-09-26,Free
U02850,2024-01-06,Free
U02851,2024-03-11,Basic
U02852,2024-06-06,Basic
U02853,2024-05-05,Free
U02854,2024-04-06,Free
U02855,2024-07-09,Free
U02856,2024-11-02,Free
U02857,2024-02-25,Free
U02858,2024-02-01,Free
U02859,2024-06-03,Basic
U02860,2024-11-15,Free
U02861,2024-05-09,Free
U02862,2024-04-23,Pro
U02863,2024-09-27,Free
U02864,2024-10-04,Free
U02865,2024-07-21,Free
U02866,2024-04-10,Free
U02867,2024-04-26,Free
U02868,2024-12-09,Free
U02869,2024-04-29,Free
U02870,2024-08-03,Pro
U02871,2024-05-09,Free
U02872,2024-11-13,Basic
U02873,2024-11-19,Pro
U02874,2024-04-26,Free
U02875,2024-04-03,Free
U02876,2024-07-21,Free
U02877,2024-07-01,Free
U02878,2024-03-14,Free
U02879,2024-09-30,Basic
U02880,2024-07-30,Pro
U02881,2024-03-22,Free
U02882,2024-01-14,Basic
U02883,2024-08-10,Free
U02884,2024-02-16,Pro
U02885,2024-09-21,Free
U02886,2024-06-03,Free
U02887,2024-09-03,Basic
U02888,2024-01-26,Free
U02889,2024-06-02,Free
U02890,2024-12-03,Basic
U02891,2024-05-10,Free
U02892,2024-10-24,Free
U02893,2024-03-16,Basic
U02894,2024-11-14,Basic
U02895,2024-02-18,Basic
U02896,2024-12-20,Enterprise
U02897,2024-12-21,Pro
U02898,2024-09-19,Free
U02899,2024-12-21,Basic
U02900,2024-07-07,Basic
U02901,2024-05-08,Free
U02902,2024-09-22,Free
U02903,2024-05-23,Free
U02904,2024-06-05,Free
U02905,2024-05-13,Free
U02906,2024-12-01,Free
U02907,2024-11-29,Free
U02908,2024-03-30,Free
U02909,2024-06-09,Basic
U02910,2024-10-27,Free
U02911,2024-03-08,Basic
U02912,2024-01-02,Free
U02913,2024-10-12,Free
U02914,2024-08-05,Free
U02915,2024-09-25,Free
U02916,2024-04-07,Free
U02917,2024-05-28,Free
U02918,2024-03-06,Free
U02919,2024-03-27,Free
U02920,2024-10-05,Free
U02921,2024-10-30,Free
U02922,2024-03-24,Basic
U02923,2024-02-15,Free
U02924,2024-09-24,Basic
U02925,2024-04-09,Free
U02926,2024-12-04,Free
U02927,2024-08-25,Free
U02928,2024-07-10,Free
U02929,2024-01-18,Free
U02930,2024-05-02,Free
U02931,2024-02-20,Free
U02932,2024-02-17,Free
U02933,2024-03-24,Basic
U02934,2024-04-16,Free
U02935,2024-05-14,Basic
U02936,2024-01-11,Free
U02937,2024-03-09,Basic
U02938,2024-10-19,Free
U02939,2024-04-02,Free
U02940,2024-06-02,Free
U02941,2024-05-28,Basic
U02942,2024-11-23,Pro
U02943,2024-02-04,Free
U02944,2024-01-14,Free
U02945,2024-10-20,Free
U02946,2024-08-25,Free
U02947,2024-01-10,Basic
U02948,2024-05-24,Basic
U02949,2024-08-10,Free
U02950,2024-09-24,Free
U02951,2024-12-19,Free
U02952,2024-08-01,Pro
U02953,2024-12-03,Basic
U02954,2024-05-09,Free
U02955,2024-11-25,Free
U02956,2024-05-04,Free
U02957,2024-05-19,Free
U02958,2024-01-08,Free
U02959,2024-05-03,Free
U02960,2024-01-10,Basic
U02961,2024-04-21,Free
U02962,2024-12-27,Free
U02963,2024-01-14,Basic
U02964,2024-08-29,Free
U02965,2024-05-28,Free
U02966,2024-06-15,Pro
U02967,2024-12-08,Free
U02968,2024-05-08,Basic
U02969,2024-10-20,Free
U02970,2024-02-13,Free
U02971,2024-11-25,Pro
U02972,2024-05-24,Free
U02973,2024-10-20,Free
U02974,2024-09-22,Free
U02975,2024-09-04,Free
U02976,2024-02-26,Free
U02977,2024-10-15,Free
U02978,2024-08-07,Free
U02979,2024-12-17,Basic
U02980,2024-10-24,Free
U02981,2024-04-19,Basic
U02982,2024-02-01,Enterprise
U02983,2024-01-25,Free
U02984,2024-08-13,Free
U02985,2024-08-19,Basic
U02986,2024-10-13,Free
U02987,2024-08-19,Pro
U02988,2024-09-14,Free
U02989,2024-08-16,Free
U02990,2024-10-17,Basic
U02991,2024-09-02,Free
U02992,2024-09-10,Free
U02993,2024-01-30,Free
U02994,2024-12-08,Basic
U02995,2024-05-18,Basic
U02996,2024-08-05,Basic
U02997,2024-01-13,Basic
U02998,2024-11-19,Basic
U02999,2024-07-28,Free
U03000,2024-10-01,Free
